-- phpMyAdmin SQL Dump
-- version 3.4.5
-- http://www.phpmyadmin.net
--
-- Servidor: localhost
-- Tiempo de generación: 14-02-2012 a las 19:49:05
-- Versión del servidor: 5.5.16
-- Versión de PHP: 5.3.8

SET SQL_MODE="NO_AUTO_VALUE_ON_ZERO";
SET time_zone = "+00:00";


/*!40101 SET @OLD_CHARACTER_SET_CLIENT=@@CHARACTER_SET_CLIENT */;
/*!40101 SET @OLD_CHARACTER_SET_RESULTS=@@CHARACTER_SET_RESULTS */;
/*!40101 SET @OLD_COLLATION_CONNECTION=@@COLLATION_CONNECTION */;
/*!40101 SET NAMES utf8 */;

--
-- Base de datos: `proyectoais_development`
--

-- --------------------------------------------------------

--
-- Estructura de tabla para la tabla `cita`
--

CREATE TABLE IF NOT EXISTS `cita` (
  `id` int(11) NOT NULL AUTO_INCREMENT,
  `paciente_id` int(11) DEFAULT NULL,
  `medico_id` int(11) DEFAULT NULL,
  `tipo_paciente` varchar(20) COLLATE utf8_unicode_ci DEFAULT NULL,
  `frecuentacion_inst` varchar(20) COLLATE utf8_unicode_ci DEFAULT NULL,
  `frecuentacion_serv` varchar(20) COLLATE utf8_unicode_ci DEFAULT NULL,
  `tipo_atencion` varchar(20) COLLATE utf8_unicode_ci DEFAULT NULL,
  `atencion_por` varchar(255) COLLATE utf8_unicode_ci DEFAULT NULL,
  `area_referencia` varchar(255) COLLATE utf8_unicode_ci DEFAULT NULL,
  `fecha` date DEFAULT NULL,
  `turno` varchar(255) COLLATE utf8_unicode_ci DEFAULT NULL,
  `informe_medico` text COLLATE utf8_unicode_ci,
  PRIMARY KEY (`id`),
  KEY `index_cita_on_paciente_id` (`paciente_id`),
  KEY `index_cita_on_medico_id` (`medico_id`)
) ENGINE=InnoDB  DEFAULT CHARSET=utf8 COLLATE=utf8_unicode_ci AUTO_INCREMENT=14 ;

--
-- Volcado de datos para la tabla `cita`
--

INSERT INTO `cita` (`id`, `paciente_id`, `medico_id`, `tipo_paciente`, `frecuentacion_inst`, `frecuentacion_serv`, `tipo_atencion`, `atencion_por`, `area_referencia`, `fecha`, `turno`, `informe_medico`) VALUES
(11, 18539330, 3444, 'Asegurado', 'De Primera Vez', 'De primera vez', 'Nuevo', 'Control', 'Consulta Externa', '2012-02-15', 'Mañana', NULL),
(12, 18539330, 3444, 'Asegurado', 'Subsiguiente', 'Subsiguiente', 'Re consulta', 'Control', 'Consulta Externa', '2012-02-22', 'Mañana', NULL),
(13, 8466948, 2974, 'No Asegurado', 'De Primera Vez', 'De primera vez', 'Nuevo', 'Control', 'SEGURO INTERIOR', '2012-02-16', 'Mañana', NULL);

-- --------------------------------------------------------

--
-- Estructura de tabla para la tabla `historia_medicas`
--

CREATE TABLE IF NOT EXISTS `historia_medicas` (
  `numero_expediente` int(11) NOT NULL AUTO_INCREMENT,
  `informe` varchar(255) COLLATE utf8_unicode_ci NOT NULL DEFAULT '',
  `paciente_id` int(11) DEFAULT NULL,
  `cita_id` int(11) NOT NULL,
  PRIMARY KEY (`numero_expediente`)
) ENGINE=InnoDB  DEFAULT CHARSET=utf8 COLLATE=utf8_unicode_ci AUTO_INCREMENT=3 ;

--
-- Volcado de datos para la tabla `historia_medicas`
--

INSERT INTO `historia_medicas` (`numero_expediente`, `informe`, `paciente_id`, `cita_id`) VALUES
(2, '', 1, 3);

-- --------------------------------------------------------

--
-- Estructura de tabla para la tabla `pacientes`
--

CREATE TABLE IF NOT EXISTS `pacientes` (
  `id` int(11) NOT NULL,
  `primer_nombre` varchar(255) COLLATE utf8_unicode_ci DEFAULT NULL,
  `segundo_nombre` varchar(255) COLLATE utf8_unicode_ci DEFAULT NULL,
  `primer_apellido` varchar(255) COLLATE utf8_unicode_ci DEFAULT NULL,
  `segundo_apellido` varchar(255) COLLATE utf8_unicode_ci DEFAULT NULL,
  `sexo` varchar(255) COLLATE utf8_unicode_ci DEFAULT NULL,
  `telefono` bigint(15) DEFAULT NULL,
  `direccion` varchar(255) COLLATE utf8_unicode_ci DEFAULT NULL,
  `numero_historia` bigint(15) DEFAULT NULL,
  `fecha_nacimiento` date DEFAULT NULL,
  `lugar_nacimiento` varchar(255) COLLATE utf8_unicode_ci DEFAULT NULL,
  `nombre_padre` varchar(255) COLLATE utf8_unicode_ci DEFAULT NULL,
  `nombre_madre` varchar(255) COLLATE utf8_unicode_ci DEFAULT NULL,
  `seguro_social` varchar(255) COLLATE utf8_unicode_ci DEFAULT NULL,
  `provincia` varchar(255) COLLATE utf8_unicode_ci DEFAULT NULL,
  `distrito` varchar(255) COLLATE utf8_unicode_ci DEFAULT NULL,
  `corregimiento` varchar(255) COLLATE utf8_unicode_ci DEFAULT NULL,
  `nombre_urgencias` varchar(255) COLLATE utf8_unicode_ci DEFAULT NULL,
  `parentesco_urgencias` varchar(255) COLLATE utf8_unicode_ci DEFAULT NULL,
  `telefono_urgencias` bigint(15) DEFAULT NULL,
  PRIMARY KEY (`id`),
  KEY `index_pacientes_on_historia_medica_id` (`numero_historia`)
) ENGINE=InnoDB DEFAULT CHARSET=utf8 COLLATE=utf8_unicode_ci;

--
-- Volcado de datos para la tabla `pacientes`
--

INSERT INTO `pacientes` (`id`, `primer_nombre`, `segundo_nombre`, `primer_apellido`, `segundo_apellido`, `sexo`, `telefono`, `direccion`, `numero_historia`, `fecha_nacimiento`, `lugar_nacimiento`, `nombre_padre`, `nombre_madre`, `seguro_social`, `provincia`, `distrito`, `corregimiento`, `nombre_urgencias`, `parentesco_urgencias`, `telefono_urgencias`) VALUES
(8466948, 'Dilia', 'Coromoto', 'Cones', 'Carvo', 'Femenino', 4166229033, 'Las Villas', 1, '1962-07-20', 'Cantaura', 'Alcibiades', 'Corina', 'Si', 'Carrizal', 'Miranda', 'Venezuela', 'Oswaldo', 'Hijo', 4141613227),
(18539330, 'Oswaldo', 'Andres', 'Diaz', 'Cones', 'Masculino', 4141613227, 'Las Villas', 1, '1989-11-25', 'Cantaura', 'Oswaldo', 'Dilia', 'Si', 'Carrizal', 'Miranda', 'Venezuela', 'Coromoto', 'Madre', 4166229033),
(20546378, 'Pedro ', 'Pablo ', 'Perez', 'Jimenez', 'Masculino', 4145687948, 'Caracas', 3, '1999-02-02', 'Caracas', 'Pedro', 'Palomina', 'Si', 'Caracas', 'Caracas', 'Caracas', 'palomina', 'madre', 4268974562);

-- --------------------------------------------------------

--
-- Estructura de tabla para la tabla `schema_migrations`
--

CREATE TABLE IF NOT EXISTS `schema_migrations` (
  `version` varchar(255) COLLATE utf8_unicode_ci NOT NULL,
  UNIQUE KEY `unique_schema_migrations` (`version`)
) ENGINE=InnoDB DEFAULT CHARSET=utf8 COLLATE=utf8_unicode_ci;

--
-- Volcado de datos para la tabla `schema_migrations`
--

INSERT INTO `schema_migrations` (`version`) VALUES
('20120118133512'),
('20120118134239'),
('20120118134403'),
('20120118134829'),
('20120125020132');

-- --------------------------------------------------------

--
-- Estructura de tabla para la tabla `servicios`
--

CREATE TABLE IF NOT EXISTS `servicios` (
  `codigo_servicio` int(11) NOT NULL,
  `nombre_servicio` varchar(30) COLLATE utf8_unicode_ci NOT NULL
) ENGINE=InnoDB DEFAULT CHARSET=utf8 COLLATE=utf8_unicode_ci;

--
-- Volcado de datos para la tabla `servicios`
--

INSERT INTO `servicios` (`codigo_servicio`, `nombre_servicio`) VALUES
(100, 'Cirugia General'),
(101, 'CIR. CARDIO VASC'),
(102, 'CIRUGIA TORACICA'),
(103, 'COLOPROCTOLOGIA'),
(104, 'SOPORTE METABOL'),
(110, 'CIR. VASC. PERIF'),
(120, 'NEUROCIRUGIA'),
(130, 'OFTALMOLOGIA'),
(131, 'OPTOMETRIA'),
(140, 'OTORRINO'),
(141, 'FONIATRIA Y AUDIO'),
(150, 'ORTOP Y TRAUM'),
(160, 'UROLOGIA'),
(170, 'CIR. PLASTICA'),
(171, 'U. DE QUEMADOS'),
(180, 'CIR. MAXILO FACIAL'),
(181, 'ODONTOLOGIA GEN'),
(200, 'MEDICINA INTERNA'),
(201, 'GERIATRIA'),
(202, 'REUMATOLOGIA'),
(203, 'HEMATOLOGIA'),
(204, 'NEUROLOGIA'),
(205, 'NEUROFISIOLOGIA'),
(206, 'ENDOCRINOLOGIA'),
(207, 'DIABETOLOGIA'),
(208, 'QUIMIOTERAPIA'),
(220, 'CARDIOLOGIA'),
(221, 'U.CORONARIA'),
(230, 'GASTRO'),
(240, 'ENF. INFECCIOSAS'),
(250, 'PSIQUIATRIA'),
(251, 'PSICOLOGIA'),
(260, 'NEUMOLOGIA'),
(270, 'NEFROLOGIA'),
(280, 'DERMATOLOGIA'),
(2, 'URG.GINECO OBS.'),
(300, 'GINECOLOGIA'),
(301, 'CLINICA EVAL QUIRURGICA'),
(302, 'CLINICA DE INEFRTILIDAD'),
(303, 'CLINICA DE COLOPOSCOPIA'),
(304, 'CLINICA DE MAMAS'),
(305, 'CLINICA DE ENF.TROFOBLAST'),
(310, 'OBSTETRICIA'),
(311, 'CLINICA EMB.DE A.RIESGO'),
(312, 'CLINICA EMB PROLONGADO'),
(313, 'CLINICA ULTRASONIDO'),
(314, 'CLINICA MONITOREO FETAL'),
(315, 'CLINICA DE CESAREA'),
(420, 'IMANEGOLOGIA'),
(421, 'MEDICINA NUCLEAR'),
(422, 'RADIOLOGIA INTERVENC.'),
(440, 'MED.FISICA Y REHAB.'),
(441, 'FISIOTERAPIA'),
(520, 'NUTRICION'),
(530, 'EPIDEMILOGIA'),
(540, 'TRABAJO SOCIAL'),
(550, 'SALUD OCUPACIONAL'),
(1, 'URGENCIA GENERAL'),
(600, 'UNI. DE C. INTENSIVOS'),
(601, 'ANESTESILOGIA'),
(105, 'POST OPERATORIO'),
(443, 'LAB. DE ELECTRODIAG'),
(190, 'UNIDAD DE TRAUMA'),
(603, 'CLINICA DEL DOLOR'),
(602, 'U. DE C. SEMI INT'),
(443, 'LABORATORIO DE ELECTRODIA');

-- --------------------------------------------------------

--
-- Estructura de tabla para la tabla `usuarios`
--

CREATE TABLE IF NOT EXISTS `usuarios` (
  `id` varchar(15) COLLATE utf8_unicode_ci NOT NULL,
  `codigo` int(11) NOT NULL,
  `nombre_completo` varchar(60) COLLATE utf8_unicode_ci NOT NULL,
  `sexo` varchar(255) COLLATE utf8_unicode_ci DEFAULT NULL,
  `telefono` int(11) DEFAULT NULL,
  `direccion` varchar(255) COLLATE utf8_unicode_ci DEFAULT NULL,
  `servicio_id` int(11) DEFAULT NULL,
  `clave` varchar(255) COLLATE utf8_unicode_ci DEFAULT NULL,
  `rol` varchar(255) COLLATE utf8_unicode_ci DEFAULT NULL,
  `tipo_profesional` varchar(30) COLLATE utf8_unicode_ci DEFAULT NULL,
  `codigo_profesional` varchar(11) COLLATE utf8_unicode_ci DEFAULT NULL,
  PRIMARY KEY (`id`),
  KEY `index_usuarios_on_servicio_id` (`servicio_id`)
) ENGINE=InnoDB DEFAULT CHARSET=utf8 COLLATE=utf8_unicode_ci;

--
-- Volcado de datos para la tabla `usuarios`
--

INSERT INTO `usuarios` (`id`, `codigo`, `nombre_completo`, `sexo`, `telefono`, `direccion`, `servicio_id`, `clave`, `rol`, `tipo_profesional`, `codigo_profesional`) VALUES
('00011002287', 2287, 'RUBEN RIVERA', NULL, NULL, NULL, 1, 'medico', 'Medico', 'MEDICO GENERAL', '100'),
('01001011305', 1305, 'JAIME VELARDE BATISTA', NULL, NULL, NULL, 100, 'medico', 'Medico', 'MEDICO ESPECIALISTA', '101'),
('01001011598', 1598, 'NIKOLAS LIAKOPULOS', NULL, NULL, NULL, 100, 'medico', 'Medico', 'MEDICO ESPECIALISTA', '101'),
('01001011780', 1780, 'MARIA PADILLA DE ARAUZ', NULL, NULL, NULL, 100, 'medico', 'Medico', 'MEDICO ESPECIALISTA', '101'),
('01001011856', 1856, 'GONZALEZ', NULL, NULL, NULL, 100, 'medico', 'Medico', 'MEDICO ESPECIALISTA', '101'),
('01001011920', 1920, 'ELIAS GARCIA MAYORGA', NULL, NULL, NULL, 100, 'medico', 'Medico', 'MEDICO ESPECIALISTA', '101'),
('01001012247', 2247, 'LUIS MANUEL MON', NULL, NULL, NULL, 100, 'medico', 'Medico', 'MEDICO ESPECIALISTA', '101'),
('01001013409', 3409, 'ROGELIO PEREZ VALDIVIESO', NULL, NULL, NULL, 100, 'medico', 'Medico', 'MEDICO ESPECIALISTA', '101'),
('01001013839', 3839, 'ROGELIO VARGAS', NULL, NULL, NULL, 100, 'medico', 'Medico', 'MEDICO ESPECIALISTA', '101'),
('01001014137', 4137, 'NESTOR VEGA YUIL', NULL, NULL, NULL, 100, 'medico', 'Medico', 'MEDICO ESPECIALISTA', '101'),
('01001014195', 4195, 'MARIA DU BOIS de VEGA', NULL, NULL, NULL, 100, 'medico', 'Medico', 'MEDICO ESPECIALISTA', '101'),
('01001014227', 4227, 'IVAN BEITIA JURADO', NULL, NULL, NULL, 100, 'medico', 'Medico', 'MEDICO ESPECIALISTA', '101'),
('01001014272', 4272, 'CARLOS A. PERURENA', NULL, NULL, NULL, 100, 'medico', 'Medico', 'MEDICO ESPECIALISTA', '101'),
('01001014633', 4633, 'JOSE A ESPINO', NULL, NULL, NULL, 100, 'medico', 'Medico', 'MEDICO ESPECIALISTA', '101'),
('0100101483', 483, 'ISAAC BARNETT', NULL, NULL, NULL, 100, 'medico', 'Medico', 'MEDICO ESPECIALISTA', '101'),
('01001015071', 5071, 'RAMON A. POLICART', NULL, NULL, NULL, 100, 'medico', 'Medico', 'MEDICO ESPECIALISTA', '101'),
('01001015101', 5101, 'INTI PEREZ C.', NULL, NULL, NULL, 100, 'medico', 'Medico', 'MEDICO ESPECIALISTA', '101'),
('01001015164', 5164, 'LOPEZ', NULL, NULL, NULL, 100, 'medico', 'Medico', 'MEDICO ESPECIALISTA', '101'),
('01001015192', 5192, 'PEDRO RODRIGUEZ', NULL, NULL, NULL, 100, 'medico', 'Medico', 'MEDICO ESPECIALISTA', '101'),
('01001015197', 5197, 'ANIBAL DE LEON', NULL, NULL, NULL, 100, 'medico', 'Medico', 'MEDICO ESPECIALISTA', '101'),
('01001015242', 5242, 'AURELIO MACIAS', NULL, NULL, NULL, 100, 'medico', 'Medico', 'MEDICO ESPECIALISTA', '101'),
('01001015253', 5253, 'RODY VALLE', NULL, NULL, NULL, 100, 'medico', 'Medico', 'MEDICO ESPECIALISTA', '101'),
('01001015417', 5417, 'ALDO AVILA', NULL, NULL, NULL, 100, 'medico', 'Medico', 'MEDICO ESPECIALISTA', '101'),
('01001015893', 5893, 'EDILDA RODRIGUEZ', NULL, NULL, NULL, 100, 'medico', 'Medico', 'MEDICO ESPECIALISTA', '101'),
('01001016019', 6019, 'EDUARDO RODRIGUEZ', NULL, NULL, NULL, 100, 'medico', 'Medico', 'MEDICO ESPECIALISTA', '101'),
('01001016242', 6242, 'AURELIO MACIAS', NULL, NULL, NULL, 100, 'medico', 'Medico', 'MEDICO ESPECIALISTA', '101'),
('0100101650', 650, 'GASTON DORMOI', NULL, NULL, NULL, 100, 'medico', 'Medico', 'MEDICO ESPECIALISTA', '101'),
('0100101705', 705, 'VICTOR HIM', NULL, NULL, NULL, 100, 'medico', 'Medico', 'MEDICO ESPECIALISTA', '101'),
('0100101824', 824, 'LISANDRO DIAZ GONZALEZ', NULL, NULL, NULL, 100, 'medico', 'Medico', 'MEDICO ESPECIALISTA', '101'),
('0100101858', 858, 'OSVALDO QUINTERO H.', NULL, NULL, NULL, 100, 'medico', 'Medico', 'MEDICO ESPECIALISTA', '101'),
('0100101889', 889, 'ROBERTO UREÐA G.', NULL, NULL, NULL, 100, 'medico', 'Medico', 'MEDICO ESPECIALISTA', '101'),
('0100101982', 982, 'AQUILES ESPINO C.', NULL, NULL, NULL, 100, 'medico', 'Medico', 'MEDICO ESPECIALISTA', '101'),
('0100101R1598', 0, 'NICOLAS LIAKOPULOS', NULL, NULL, NULL, 100, 'medico', 'Medico', 'MEDICO ESPECIALISTA', '101'),
('01001025244', 5244, 'GUADALUPE CASTILLO', NULL, NULL, NULL, 100, 'medico', 'Medico', 'MEDICO RESIDENTE', '102'),
('01001025282', 5282, 'WALDO GONZALEZ', NULL, NULL, NULL, 100, 'medico', 'Medico', 'MEDICO RESIDENTE', '102'),
('01001025347', 5347, 'ESPERANZA VILLALAZ', NULL, NULL, NULL, 100, 'medico', 'Medico', 'MEDICO RESIDENTE', '102'),
('01001025382', 5382, 'MARTA QUIODETTES', NULL, NULL, NULL, 100, 'medico', 'Medico', 'MEDICO RESIDENTE', '102'),
('01001025608', 5608, 'IDIAMIN OLIVARES', NULL, NULL, NULL, 100, 'medico', 'Medico', 'MEDICO RESIDENTE', '102'),
('01001025711', 5711, 'ASCANIO CASTILLO', NULL, NULL, NULL, 100, 'medico', 'Medico', 'MEDICO RESIDENTE', '102'),
('01001025891', 5891, 'CARLOS AGUILAR', NULL, NULL, NULL, 100, 'medico', 'Medico', 'MEDICO RESIDENTE', '102'),
('01001026014', 6014, 'ENRIQUE LIAO', NULL, NULL, NULL, 100, 'medico', 'Medico', 'MEDICO RESIDENTE', '102'),
('01001026111', 6111, 'GUILLERMO BRENNAN', NULL, NULL, NULL, 100, 'medico', 'Medico', 'MEDICO RESIDENTE', '102'),
('01001026162', 6162, 'CARLOS ESPINO', NULL, NULL, NULL, 100, 'medico', 'Medico', 'MEDICO RESIDENTE', '102'),
('01001026193', 6193, 'JOSE VILLARREAL', NULL, NULL, NULL, 100, 'medico', 'Medico', 'MEDICO RESIDENTE', '102'),
('01001026314', 6314, 'TORNER', NULL, NULL, NULL, 100, 'medico', 'Medico', 'MEDICO RESIDENTE', '102'),
('01001026340', 6340, 'MELISA MENENDEZ', NULL, NULL, NULL, 100, 'medico', 'Medico', 'MEDICO RESIDENTE', '102'),
('01001026386', 6386, 'HIDALGO', NULL, NULL, NULL, 100, 'medico', 'Medico', 'MEDICO RESIDENTE', '102'),
('01001026456', 6456, 'VALDERRAMA', NULL, NULL, NULL, 100, 'medico', 'Medico', 'MEDICO RESIDENTE', '102'),
('01001026661', 6661, 'BELKIS GOODING', NULL, NULL, NULL, 100, 'medico', 'Medico', 'MEDICO RESIDENTE', '102'),
('01001026698', 6698, 'VIVIAN HERNANDEZ', NULL, NULL, NULL, 100, 'medico', 'Medico', 'MEDICO RESIDENTE', '102'),
('01001026754', 6754, 'OMAR LAMBIS', NULL, NULL, NULL, 100, 'medico', 'Medico', 'MEDICO RESIDENTE', '102'),
('01001026784', 6784, 'EDGARDO ARCIA', NULL, NULL, NULL, 100, 'medico', 'Medico', 'MEDICO RESIDENTE', '102'),
('01001026799', 6799, 'GERARDO DOMINGUEZ', NULL, NULL, NULL, 100, 'medico', 'Medico', 'MEDICO RESIDENTE', '102'),
('01001026824', 6824, 'ARTURO RIOS', NULL, NULL, NULL, 100, 'medico', 'Medico', 'MEDICO RESIDENTE', '102'),
('01001027053', 7053, 'ROGER RODRIGUEZ', NULL, NULL, NULL, 100, 'medico', 'Medico', 'MEDICO RESIDENTE', '102'),
('01001027056', 7056, 'JOSE LATORRACA', NULL, NULL, NULL, 100, 'medico', 'Medico', 'MEDICO RESIDENTE', '102'),
('01001027365', 7365, 'RICARDO KAM (RES)', NULL, NULL, NULL, 100, 'medico', 'Medico', 'MEDICO RESIDENTE', '102'),
('01001027408', 7408, 'OLIVIA ACHTAR', NULL, NULL, NULL, 100, 'medico', 'Medico', 'MEDICO RESIDENTE', '102'),
('01001027466', 7466, 'ANTONIO IGLESIA (RES)', NULL, NULL, NULL, 100, 'medico', 'Medico', 'MEDICO RESIDENTE', '102'),
('01003001687', 1687, 'de ALLEYNE', NULL, NULL, NULL, 100, 'medico', 'Medico', 'ENFERMRIA', '300'),
('01003001781', 1781, 'AMARILIS de AVILES', NULL, NULL, NULL, 100, 'medico', 'Medico', 'ENFERMRIA', '300'),
('01003002048', 2048, 'OREYDA de FERNANDEZ', NULL, NULL, NULL, 100, 'medico', 'Medico', 'ENFERMRIA', '300'),
('01003002310', 2310, 'ELIZABETH de GONZALEZ', NULL, NULL, NULL, 100, 'medico', 'Medico', 'ENFERMRIA', '300'),
('01003003398', 3398, 'NIVIA L GALL', NULL, NULL, NULL, 100, 'medico', 'Medico', 'ENFERMRIA', '300'),
('01003003639', 3639, 'DIDIA DOMINGUEZ', NULL, NULL, NULL, 100, 'medico', 'Medico', 'ENFERMRIA', '300'),
('01003003943', 3943, 'YOLANDA de AYALA', NULL, NULL, NULL, 100, 'medico', 'Medico', 'ENFERMRIA', '300'),
('01003004769', 4769, 'BERTA GUDIÐO', NULL, NULL, NULL, 100, 'medico', 'Medico', 'ENFERMRIA', '300'),
('01011012882', 2882, 'GERARDO VICTORIA', NULL, NULL, NULL, 101, 'medico', 'Medico', 'MEDICO ESPECIALISTA', '101'),
('01011013866', 3866, 'PEDRO ECHEVARRIA', NULL, NULL, NULL, 101, 'medico', 'Medico', 'MEDICO ESPECIALISTA', '101'),
('01011014021', 4021, 'MANUEL JAEN', NULL, NULL, NULL, 101, 'medico', 'Medico', 'MEDICO ESPECIALISTA', '101'),
('01011015113', 5113, 'RICARDO JARAMILLO', NULL, NULL, NULL, 101, 'medico', 'Medico', 'MEDICO ESPECIALISTA', '101'),
('01021012361', 2361, 'ANDRADE ALEGRE', NULL, NULL, NULL, 102, 'medico', 'Medico', 'MEDICO ESPECIALISTA', '101'),
('0102101857', 857, ' CARLOS JIMENEZ R', NULL, NULL, NULL, 102, 'medico', 'Medico', 'MEDICO ESPECIALISTA', '101'),
('01031011445', 1445, ' RAMON GARRIQUEZ', NULL, NULL, NULL, 103, 'medico', 'Medico', 'MEDICO ESPECIALISTA', '101'),
('01031011920', 1920, 'ELIAS GARCIA MAYORCA', NULL, NULL, NULL, 103, 'medico', 'Medico', 'MEDICO ESPECIALISTA', '101'),
('01031012211', 2211, 'MARTINA VEGA', NULL, NULL, NULL, 103, 'medico', 'Medico', 'MEDICO ESPECIALISTA', '101'),
('01031014227', 4227, ' IVAN BEITIA JURADO', NULL, NULL, NULL, 103, 'medico', 'Medico', 'MEDICO ESPECIALISTA', '101'),
('0103101650', 650, ' GASTON DORMOI BARRIOS', NULL, NULL, NULL, 103, 'medico', 'Medico', 'MEDICO ESPECIALISTA', '101'),
('01033003508', 3508, 'GLORIA GARCIA', NULL, NULL, NULL, 103, 'medico', 'Medico', 'ENFERMRIA', '300'),
('01033003641', 3641, 'LORNA ADAMES', NULL, NULL, NULL, 103, 'medico', 'Medico', 'ENFERMRIA', '300'),
('01051011305', 1305, 'JAIME VELARDE', NULL, NULL, NULL, 105, 'medico', 'Medico', 'MEDICO ESPECIALISTA', '101'),
('0105101705', 705, 'VICTOR HIM', NULL, NULL, NULL, 105, 'medico', 'Medico', 'MEDICO ESPECIALISTA', '101'),
('0105101824', 824, 'LIZANDRO DIAZ', NULL, NULL, NULL, 105, 'medico', 'Medico', 'MEDICO ESPECIALISTA', '101'),
('0105101858', 858, 'OSVALDO QUINTERO H.', NULL, NULL, NULL, 105, 'medico', 'Medico', 'MEDICO ESPECIALISTA', '101'),
('0105101R1598', 0, 'NICOLAS LIAKOPULOS', NULL, NULL, NULL, 105, 'medico', 'Medico', 'MEDICO ESPECIALISTA', '101'),
('01051025242', 5242, 'AURELIO MACIAS G.', NULL, NULL, NULL, 105, 'medico', 'Medico', 'MEDICO RESIDENTE', '102'),
('01051025382', 5382, 'MARTHA A. QUIODETTIS', NULL, NULL, NULL, 105, 'medico', 'Medico', 'MEDICO RESIDENTE', '102'),
('01051025608', 5608, 'IDIAMIN OLIVARES', NULL, NULL, NULL, 105, 'medico', 'Medico', 'MEDICO RESIDENTE', '102'),
('01101011961', 1961, ' ERNESTO TESTA CASTILLO', NULL, NULL, NULL, 110, 'medico', 'Medico', 'MEDICO ESPECIALISTA', '101'),
('01101014466', 4466, ' JUAN KRAVCIO', NULL, NULL, NULL, 110, 'medico', 'Medico', 'MEDICO ESPECIALISTA', '101'),
('01101014968', 4968, 'JULISSA RODRIGUEZ', NULL, NULL, NULL, 110, 'medico', 'Medico', 'MEDICO ESPECIALISTA', '101'),
('01101015095', 5095, 'LUIS CARLOS VILLALAZ', NULL, NULL, NULL, 110, 'medico', 'Medico', 'MEDICO ESPECIALISTA', '101'),
('01101016111', 6111, 'BRENNA', NULL, NULL, NULL, 110, 'medico', 'Medico', 'MEDICO ESPECIALISTA', '101'),
('0110101737', 737, ' TOBIAS MONGE PALMA', NULL, NULL, NULL, 110, 'medico', 'Medico', 'MEDICO ESPECIALISTA', '101'),
('0110101969', 969, ' NORBERTO E DONOSO COLLIN', NULL, NULL, NULL, 110, 'medico', 'Medico', 'MEDICO ESPECIALISTA', '101'),
('01101025608', 5608, 'IDIAMIN OLIVARES', NULL, NULL, NULL, 110, 'medico', 'Medico', 'MEDICO RESIDENTE', '102'),
('01103002522', 2522, 'LIDIOLA DE RODRIGUEZ', NULL, NULL, NULL, 110, 'medico', 'Medico', 'ENFERMRIA', '300'),
('01103002950', 2950, 'NIDIA BERRIO', NULL, NULL, NULL, 110, 'medico', 'Medico', 'ENFERMRIA', '300'),
('01103002982', 2982, 'E DEL C. AGUINA', NULL, NULL, NULL, 110, 'medico', 'Medico', 'ENFERMRIA', '300'),
('01103003311', 3311, 'ELSIBIR B. de TERRADO', NULL, NULL, NULL, 110, 'medico', 'Medico', 'ENFERMRIA', '300'),
('01103003477', 3477, 'MIRIAN CORRALES', NULL, NULL, NULL, 110, 'medico', 'Medico', 'ENFERMRIA', '300'),
('01104002175', 2175, 'CRISALIDA M. de RIOS', NULL, NULL, NULL, 110, 'medico', 'Medico', 'TECNICO', '400'),
('01201011297', 1297, 'ENRIQUE RODRIGUEZ ALVAREZ', NULL, NULL, NULL, 120, 'medico', 'Medico', 'MEDICO ESPECIALISTA', '101'),
('01201011322', 1322, 'GUILLERMO APARICIO', NULL, NULL, NULL, 120, 'medico', 'Medico', 'MEDICO ESPECIALISTA', '101'),
('01201011965', 1965, 'FELIX SANCHEZ PEÐA', NULL, NULL, NULL, 120, 'medico', 'Medico', 'MEDICO ESPECIALISTA', '101'),
('01201012818', 2818, 'ANTONIO MOCK LUQUE', NULL, NULL, NULL, 120, 'medico', 'Medico', 'MEDICO ESPECIALISTA', '101'),
('01201013762', 3762, 'JUAN CARLOS DE MOLA', NULL, NULL, NULL, 120, 'medico', 'Medico', 'MEDICO ESPECIALISTA', '101'),
('0120101495', 495, 'EDWIN ACUÐA', NULL, NULL, NULL, 120, 'medico', 'Medico', 'MEDICO ESPECIALISTA', '101'),
('01201015592', 5592, 'JOSE HERMIDA', NULL, NULL, NULL, 120, 'medico', 'Medico', 'MEDICO ESPECIALISTA', '101'),
('01201023835', 3835, 'JOSE TORRES', NULL, NULL, NULL, 120, 'medico', 'Medico', 'MEDICO RESIDENTE', '102'),
('01201026113', 6113, 'LUIS VARON', NULL, NULL, NULL, 120, 'medico', 'Medico', 'MEDICO RESIDENTE', '102'),
('01201026646', 6646, 'MITZADI ORDOÐEZ', NULL, NULL, NULL, 120, 'medico', 'Medico', 'MEDICO RESIDENTE', '102'),
('01201026888', 6888, 'ALINA PUPO', NULL, NULL, NULL, 120, 'medico', 'Medico', 'MEDICO RESIDENTE', '102'),
('01301011520', 1520, ' SALVADOR BERROA JUAREZ', NULL, NULL, NULL, 130, 'medico', 'Medico', 'MEDICO ESPECIALISTA', '101'),
('01301011812', 1812, ' PERSILES GUTIERREZ F', NULL, NULL, NULL, 130, 'medico', 'Medico', 'MEDICO ESPECIALISTA', '101'),
('01301011830', 1830, ' ANDRES OSIGIAN', NULL, NULL, NULL, 130, 'medico', 'Medico', 'MEDICO ESPECIALISTA', '101'),
('01301011949', 1949, ' BRUNO CARVAJAL GUEMBAN', NULL, NULL, NULL, 130, 'medico', 'Medico', 'MEDICO ESPECIALISTA', '101'),
('01301013193', 3193, 'RITA YEE', NULL, NULL, NULL, 130, 'medico', 'Medico', 'MEDICO ESPECIALISTA', '101'),
('0130101420', 420, 'VIRGINIA A DE PEREZ', NULL, NULL, NULL, 130, 'medico', 'Medico', 'MEDICO ESPECIALISTA', '101'),
('0130101453', 453, ' RAFAEL YEE CHONG', NULL, NULL, NULL, 130, 'medico', 'Medico', 'MEDICO ESPECIALISTA', '101'),
('01301014863', 4863, 'KARLA NG', NULL, NULL, NULL, 130, 'medico', 'Medico', 'MEDICO ESPECIALISTA', '101'),
('01301014974', 4974, ' OLIVER OTAROLA', NULL, NULL, NULL, 130, 'medico', 'Medico', 'MEDICO ESPECIALISTA', '101'),
('01301015460', 5460, 'ILKA DE OBALDIA', NULL, NULL, NULL, 130, 'medico', 'Medico', 'MEDICO ESPECIALISTA', '101'),
('01301015634', 5634, 'YAEL CHAVEZ', NULL, NULL, NULL, 130, 'medico', 'Medico', 'MEDICO ESPECIALISTA', '101'),
('01301015856', 5856, 'RITA YEE', NULL, NULL, NULL, 130, 'medico', 'Medico', 'MEDICO ESPECIALISTA', '101'),
('01301015954', 5954, 'MARINO M. RIVERA', NULL, NULL, NULL, 130, 'medico', 'Medico', 'MEDICO ESPECIALISTA', '101'),
('0130101822', 822, ' RICARDO VELASQUEZ', NULL, NULL, NULL, 130, 'medico', 'Medico', 'MEDICO ESPECIALISTA', '101'),
('01301026564', 6564, 'JUAN MANUEL MUÐOZ', NULL, NULL, NULL, 130, 'medico', 'Medico', 'MEDICO RESIDENTE', '102'),
('01301026785', 6785, 'KELVIN LIO GEM', NULL, NULL, NULL, 130, 'medico', 'Medico', 'MEDICO RESIDENTE', '102'),
('01301027041', 7041, 'IVON ALVARADO', NULL, NULL, NULL, 130, 'medico', 'Medico', 'MEDICO RESIDENTE', '102'),
('01301027140', 7140, 'IVONNE ALVARADO (21-6-10)', NULL, NULL, NULL, 130, 'medico', 'Medico', 'MEDICO RESIDENTE', '102'),
('01301027435', 7435, 'SERGIO BONILLA (21-6-10)', NULL, NULL, NULL, 130, 'medico', 'Medico', 'MEDICO RESIDENTE', '102'),
('01303002205', 2205, 'ALICIA MEDINA', NULL, NULL, NULL, 130, 'medico', 'Medico', 'ENFERMRIA', '300'),
('01303002310', 2310, 'ELIZABEHT de GONZALEZ', NULL, NULL, NULL, 130, 'medico', 'Medico', 'ENFERMRIA', '300'),
('01303002950', 2950, 'NIDIA BERRIO', NULL, NULL, NULL, 130, 'medico', 'Medico', 'ENFERMRIA', '300'),
('01303003311', 3311, 'DE TERRADO', NULL, NULL, NULL, 130, 'medico', 'Medico', 'ENFERMRIA', '300'),
('01303003943', 3943, 'YOLANDA DE AYALA', NULL, NULL, NULL, 130, 'medico', 'Medico', 'ENFERMRIA', '300'),
('013040017', 17, ' JOSE M LOPEZ FABREGA', NULL, NULL, NULL, 130, 'medico', 'Medico', 'TECNICO', '400'),
('01304009', 9, ' RODOLFO BERMUDEZ', NULL, NULL, NULL, 130, 'medico', 'Medico', 'TECNICO', '400'),
('0131400009', 9, 'RODOLFO BERMUDEZ', NULL, NULL, NULL, 131, 'medico', 'Medico', 'TECNICO', '400'),
('0131400017', 17, 'JOSE M. LOPEZ F.', NULL, NULL, NULL, 131, 'medico', 'Medico', 'TECNICO', '400'),
('01401012256', 2256, 'AMARILIS MELENDEZ', NULL, NULL, NULL, 140, 'medico', 'Medico', 'MEDICO ESPECIALISTA', '101'),
('01401013179', 3179, ' DAVID FRANCISCO CORRO', NULL, NULL, NULL, 140, 'medico', 'Medico', 'MEDICO ESPECIALISTA', '101'),
('01401013756', 3756, 'LUIS FERNANDO VERASTEGUI', NULL, NULL, NULL, 140, 'medico', 'Medico', 'MEDICO ESPECIALISTA', '101'),
('01401014241', 4241, 'RITA VASQUEZ', NULL, NULL, NULL, 140, 'medico', 'Medico', 'MEDICO ESPECIALISTA', '101'),
('01401014710', 4710, 'JULIO M. GARCIA V.', NULL, NULL, NULL, 140, 'medico', 'Medico', 'MEDICO ESPECIALISTA', '101'),
('01401014751', 4751, 'ERASMO VALLESTER', NULL, NULL, NULL, 140, 'medico', 'Medico', 'MEDICO ESPECIALISTA', '101'),
('0140101635', 635, ' ROLANDO MUÐOZ', NULL, NULL, NULL, 140, 'medico', 'Medico', 'MEDICO ESPECIALISTA', '101'),
('0140101996', 996, 'GLORIA C. de RODRIGUEZ', NULL, NULL, NULL, 140, 'medico', 'Medico', 'MEDICO ESPECIALISTA', '101'),
('0140102102', 102, 'VIVIAN HERNANDEZ', NULL, NULL, NULL, 140, 'medico', 'Medico', 'MEDICO RESIDENTE', '102'),
('01401025682', 5682, 'ROBERT SAMUELS', NULL, NULL, NULL, 140, 'medico', 'Medico', 'MEDICO RESIDENTE', '102'),
('01401026698', 6698, 'HERNANDEZ', NULL, NULL, NULL, 140, 'medico', 'Medico', 'MEDICO RESIDENTE', '102'),
('01401027043', 7043, 'YARINETH QUINTERO (RES)', NULL, NULL, NULL, 140, 'medico', 'Medico', 'MEDICO RESIDENTE', '102'),
('01401027048', 7048, 'ARIADNA PLATAÐOTIS (RES)', NULL, NULL, NULL, 140, 'medico', 'Medico', 'MEDICO RESIDENTE', '102'),
('0140102G353', 0, 'ELIANA GAVIRIA', NULL, NULL, NULL, 140, 'medico', 'Medico', 'MEDICO RESIDENTE', '102'),
('01403002310', 2310, 'ELIZABETH de GONZALEZ', NULL, NULL, NULL, 140, 'medico', 'Medico', 'ENFERMRIA', '300'),
('01411011645', 1645, 'GUILLERMO RODRIGUEZ', NULL, NULL, NULL, 141, 'medico', 'Medico', 'MEDICO ESPECIALISTA', '101'),
('0141101937', 937, 'ALFONSO MONTUFAR', NULL, NULL, NULL, 141, 'medico', 'Medico', 'MEDICO ESPECIALISTA', '101'),
('014140013', 13, ' LIA CEDEÐO', NULL, NULL, NULL, 141, 'medico', 'Medico', 'TECNICO', '400'),
('0141400159', 159, '. ANA APONTE', NULL, NULL, NULL, 141, 'medico', 'Medico', 'TECNICO', '400'),
('01501011026', 1026, ' EDUARDO VASQUEZ BELLIDO', NULL, NULL, NULL, 150, 'medico', 'Medico', 'MEDICO ESPECIALISTA', '101'),
('01501011319', 1319, ' TOMAS ABREGO AROSEMENA', NULL, NULL, NULL, 150, 'medico', 'Medico', 'MEDICO ESPECIALISTA', '101'),
('01501012203', 2203, ' GUSTAVO PINILLA BONILLA', NULL, NULL, NULL, 150, 'medico', 'Medico', 'MEDICO ESPECIALISTA', '101'),
('01501013060', 3060, ' FELIX MOSQUERA', NULL, NULL, NULL, 150, 'medico', 'Medico', 'MEDICO ESPECIALISTA', '101'),
('01501013150', 3150, 'ARIEL SALDAÐA FUENTES', NULL, NULL, NULL, 150, 'medico', 'Medico', 'MEDICO ESPECIALISTA', '101'),
('01501014484', 4484, ' ROQUE PINILLA', NULL, NULL, NULL, 150, 'medico', 'Medico', 'MEDICO ESPECIALISTA', '101'),
('01501014884', 4884, ' CARLOS MARTINEZ', NULL, NULL, NULL, 150, 'medico', 'Medico', 'MEDICO ESPECIALISTA', '101'),
('0150101506', 506, ' ARTURO SALDAÐA THOMAS', NULL, NULL, NULL, 150, 'medico', 'Medico', 'MEDICO ESPECIALISTA', '101'),
('01501015485', 5485, ' RICARDO BURGOS', NULL, NULL, NULL, 150, 'medico', 'Medico', 'MEDICO ESPECIALISTA', '101'),
('01501015613', 5613, 'MARIO I. GARUZ', NULL, NULL, NULL, 150, 'medico', 'Medico', 'MEDICO ESPECIALISTA', '101'),
('0150101808', 808, 'RAFAEL MELGAR', NULL, NULL, NULL, 150, 'medico', 'Medico', 'MEDICO ESPECIALISTA', '101'),
('0150101C3188', 0, ' JAIME MELGAR', NULL, NULL, NULL, 150, 'medico', 'Medico', 'MEDICO ESPECIALISTA', '101'),
('0150101C808', 0, ' RAFAEL MELGAR', NULL, NULL, NULL, 150, 'medico', 'Medico', 'MEDICO ESPECIALISTA', '101'),
('01501025349', 5349, ' EDWIN ROJAS', NULL, NULL, NULL, 150, 'medico', 'Medico', 'MEDICO RESIDENTE', '102'),
('01501025375', 5375, 'KARLA MORALES', NULL, NULL, NULL, 150, 'medico', 'Medico', 'MEDICO RESIDENTE', '102'),
('01501026131', 6131, 'AQUILINO MITRE', NULL, NULL, NULL, 150, 'medico', 'Medico', 'MEDICO RESIDENTE', '102'),
('01501026285', 6285, 'JORGE VELARDE', NULL, NULL, NULL, 150, 'medico', 'Medico', 'MEDICO RESIDENTE', '102'),
('01501026830', 6830, 'VANESSA HEIBRON', NULL, NULL, NULL, 150, 'medico', 'Medico', 'MEDICO RESIDENTE', '102'),
('01501026995', 6995, 'CESAR MUÐOZ (RES 01 JUN-10', NULL, NULL, NULL, 150, 'medico', 'Medico', 'MEDICO RESIDENTE', '102'),
('01501027134', 7134, 'RONAL D PEREZ RESIDENTE', NULL, NULL, NULL, 150, 'medico', 'Medico', 'MEDICO RESIDENTE', '102'),
('0150102T050', 0, ' JOSE L TARAZONA', NULL, NULL, NULL, 150, 'medico', 'Medico', 'MEDICO RESIDENTE', '102'),
('01503003928', 3928, 'GENEVA H. BELFIED', NULL, NULL, NULL, 150, 'medico', 'Medico', 'ENFERMRIA', '300'),
('0150400027', 27, 'BALTAZAR AROSEMENA', NULL, NULL, NULL, 150, 'medico', 'Medico', 'TECNICO', '400'),
('0150400028', 28, 'DIEGO GARIBALDI', NULL, NULL, NULL, 150, 'medico', 'Medico', 'TECNICO', '400'),
('0150400033', 33, 'RAUL HINESTROZA', NULL, NULL, NULL, 150, 'medico', 'Medico', 'TECNICO', '400'),
('01504001617', 1617, 'DEL C. MORALES', NULL, NULL, NULL, 150, 'medico', 'Medico', 'TECNICO', '400'),
('015040034', 34, 'RAQUEL MOJICA', NULL, NULL, NULL, 150, 'medico', 'Medico', 'TECNICO', '400'),
('015040056', 56, 'de RAMIREZ', NULL, NULL, NULL, 150, 'medico', 'Medico', 'TECNICO', '400'),
('01601011275', 1275, ' EDWIN PIMENTEL MARTINEZ', NULL, NULL, NULL, 160, 'medico', 'Medico', 'MEDICO ESPECIALISTA', '101'),
('01601012107', 2107, ' ARNOLDO DE GRACIA', NULL, NULL, NULL, 160, 'medico', 'Medico', 'MEDICO ESPECIALISTA', '101'),
('01601012836', 2836, ' EUSTORGIO ZEVALLOS', NULL, NULL, NULL, 160, 'medico', 'Medico', 'MEDICO ESPECIALISTA', '101'),
('01601012955', 2955, ' KARL CHANDECK', NULL, NULL, NULL, 160, 'medico', 'Medico', 'MEDICO ESPECIALISTA', '101'),
('01601015085', 5085, ' GUSTAVO ESPINO', NULL, NULL, NULL, 160, 'medico', 'Medico', 'MEDICO ESPECIALISTA', '101'),
('01601015683', 5683, 'JULIO RODRIGUEZ', NULL, NULL, NULL, 160, 'medico', 'Medico', 'MEDICO ESPECIALISTA', '101'),
('0160101588', 588, ' JORGE HERNANDEZ ALMANZA', NULL, NULL, NULL, 160, 'medico', 'Medico', 'MEDICO ESPECIALISTA', '101'),
('01601016036', 6036, 'ALBINS PINEDA', NULL, NULL, NULL, 160, 'medico', 'Medico', 'MEDICO ESPECIALISTA', '101'),
('01601016846', 6846, 'NELSON ORTEGA', NULL, NULL, NULL, 160, 'medico', 'Medico', 'MEDICO ESPECIALISTA', '101'),
('0160101763', 763, ' LEONIDAS CERRUD', NULL, NULL, NULL, 160, 'medico', 'Medico', 'MEDICO ESPECIALISTA', '101'),
('01701012535', 2535, ' RICARDO DIAZ GILLEN', NULL, NULL, NULL, 170, 'medico', 'Medico', 'MEDICO ESPECIALISTA', '101'),
('01701012985', 2985, ' JORGE COWES MC', NULL, NULL, NULL, 170, 'medico', 'Medico', 'MEDICO ESPECIALISTA', '101'),
('01701014309', 4309, ' LASLO PELYHE LLERAS', NULL, NULL, NULL, 170, 'medico', 'Medico', 'MEDICO ESPECIALISTA', '101'),
('01701014633', 4633, 'AGUSTIN ESPINO', NULL, NULL, NULL, 170, 'medico', 'Medico', 'MEDICO ESPECIALISTA', '101'),
('0170101468', 468, ' OCTAVIO ARAUZ VILLARREAL', NULL, NULL, NULL, 170, 'medico', 'Medico', 'MEDICO ESPECIALISTA', '101'),
('01701015122', 5122, 'DEMETRIO VILLALBA', NULL, NULL, NULL, 170, 'medico', 'Medico', 'MEDICO ESPECIALISTA', '101'),
('01801011391', 1391, 'GUIDO ESQUIVEL', NULL, NULL, NULL, 180, 'medico', 'Medico', 'MEDICO ESPECIALISTA', '101'),
('01801021391', 1391, 'GUIDO ESQUIVEL', NULL, NULL, NULL, 180, 'medico', 'Medico', 'MEDICO RESIDENTE', '102'),
('0180112156', 156, '.MOISES GARCIA MONTENEGRO', NULL, NULL, NULL, 180, 'medico', 'Medico', 'MAXILO FACIAL', '112'),
('01801121662', 1662, 'SHAROMAY OSMAN F.', NULL, NULL, NULL, 180, 'medico', 'Medico', 'MAXILO FACIAL', '112'),
('0180112371', 371, 'MANUEL CORTIZO', NULL, NULL, NULL, 180, 'medico', 'Medico', 'MAXILO FACIAL', '112'),
('0180112623', 623, 'CONTABLE', NULL, NULL, NULL, 180, 'medico', 'Medico', 'MAXILO FACIAL', '112'),
('01811011831', 1831, 'CASTILLO(16-2-11)', NULL, NULL, NULL, 181, 'medico', 'Medico', 'MEDICO ESPECIALISTA', '101'),
('01811011841', 1841, 'CASTILLO (16 FEB-11', NULL, NULL, NULL, 181, 'medico', 'Medico', 'MEDICO ESPECIALISTA', '101'),
('0181110116', 116, ' ARISTIDES VIAL C', NULL, NULL, NULL, 181, 'medico', 'Medico', 'ODONTOLOGIA', '110'),
('01811101337', 1337, 'BURBANO', NULL, NULL, NULL, 181, 'medico', 'Medico', 'ODONTOLOGIA', '110'),
('0181111182', 182, 'ENILDA GONZALEZ', NULL, NULL, NULL, 181, 'medico', 'Medico', 'ASISTENTE DE ODONTOLOGIA', '111'),
('0181111701', 701, 'LUCRECIA ESPINOSA', NULL, NULL, NULL, 181, 'medico', 'Medico', 'ASISTENTE DE ODONTOLOGIA', '111'),
('0181112371', 371, 'MANUEL CORTIZO COHEN', NULL, NULL, NULL, 181, 'medico', 'Medico', 'MAXILO FACIAL', '112'),
('01901012361', 2361, 'RAFAEL ANDRADE', NULL, NULL, NULL, 190, 'medico', 'Medico', 'MEDICO ESPECIALISTA', '101'),
('01901014137', 4137, 'NESTOR VEGA YUIL', NULL, NULL, NULL, 190, 'medico', 'Medico', 'MEDICO ESPECIALISTA', '101'),
('01901015192', 5192, 'PEDRO RODRIGUEZ', NULL, NULL, NULL, 190, 'medico', 'Medico', 'MEDICO ESPECIALISTA', '101'),
('01901015382', 5382, 'QUIODETTIS', NULL, NULL, NULL, 190, 'medico', 'Medico', 'MEDICO ESPECIALISTA', '101'),
('01901015417', 5417, 'ALDO AVILA', NULL, NULL, NULL, 190, 'medico', 'Medico', 'MEDICO ESPECIALISTA', '101'),
('01901015890', 5890, 'MARTIN VASQUEZ', NULL, NULL, NULL, 190, 'medico', 'Medico', 'MEDICO ESPECIALISTA', '101'),
('01901017106', 7106, 'LIZETH SALDAÐA', NULL, NULL, NULL, 190, 'medico', 'Medico', 'MEDICO ESPECIALISTA', '101'),
('01901026113', 6113, 'LUIS VARON', NULL, NULL, NULL, 190, 'medico', 'Medico', 'MEDICO RESIDENTE', '102'),
('02001011138', 1138, ' HORACIO GUILLEN OCON', NULL, NULL, NULL, 200, 'medico', 'Medico', 'MEDICO ESPECIALISTA', '101'),
('02001011348', 1348, ' CARLOS BRANDARIZ', NULL, NULL, NULL, 200, 'medico', 'Medico', 'MEDICO ESPECIALISTA', '101'),
('02001011440', 1440, ' JULIO BURBANO', NULL, NULL, NULL, 200, 'medico', 'Medico', 'MEDICO ESPECIALISTA', '101'),
('02001011918', 1918, 'DIOGENES ARGONA PLANO', NULL, NULL, NULL, 200, 'medico', 'Medico', 'MEDICO ESPECIALISTA', '101'),
('02001012480', 2480, ' EDUARDO NARVAEZ CARR', NULL, NULL, NULL, 200, 'medico', 'Medico', 'MEDICO ESPECIALISTA', '101'),
('02001012573', 2573, 'VIETNAN RIOS de CERRRUD', NULL, NULL, NULL, 200, 'medico', 'Medico', 'MEDICO ESPECIALISTA', '101'),
('02001012676', 2676, ' GASPAR ARENAS', NULL, NULL, NULL, 200, 'medico', 'Medico', 'MEDICO ESPECIALISTA', '101'),
('02001012795', 2795, ' JUAN BARRIOS MATAMOROS', NULL, NULL, NULL, 200, 'medico', 'Medico', 'MEDICO ESPECIALISTA', '101'),
('02001012855', 2855, ' ROGELIO WORREL', NULL, NULL, NULL, 200, 'medico', 'Medico', 'MEDICO ESPECIALISTA', '101'),
('02001012864', 2864, 'ESTHER CHANG CHEN', NULL, NULL, NULL, 200, 'medico', 'Medico', 'MEDICO ESPECIALISTA', '101'),
('02001012899', 2899, ' RAMIRO DA SILVA LL', NULL, NULL, NULL, 200, 'medico', 'Medico', 'MEDICO ESPECIALISTA', '101'),
('02001013001', 3001, ' EFRAIN PEREZ PINZON', NULL, NULL, NULL, 200, 'medico', 'Medico', 'MEDICO ESPECIALISTA', '101'),
('02001013132', 3132, 'FELICIA TULLOCH', NULL, NULL, NULL, 200, 'medico', 'Medico', 'MEDICO ESPECIALISTA', '101'),
('02001014235', 4235, 'GUSTAVO ESPINO', NULL, NULL, NULL, 200, 'medico', 'Medico', 'MEDICO ESPECIALISTA', '101'),
('02001014408', 4408, 'Carlos M. Ballesteros Z.', NULL, NULL, NULL, 200, 'medico', 'Medico', 'MEDICO ESPECIALISTA', '101'),
('02001014811', 4811, 'GUILLERMO OCAMPO', NULL, NULL, NULL, 200, 'medico', 'Medico', 'MEDICO ESPECIALISTA', '101'),
('02001014864', 4864, ' DIEGO REY HIJO', NULL, NULL, NULL, 200, 'medico', 'Medico', 'MEDICO ESPECIALISTA', '101'),
('02001014871', 4871, 'DACSARIS M. ALMENGOR', NULL, NULL, NULL, 200, 'medico', 'Medico', 'MEDICO ESPECIALISTA', '101'),
('02001014935', 4935, ' JORGE E.TEJERA', NULL, NULL, NULL, 200, 'medico', 'Medico', 'MEDICO ESPECIALISTA', '101'),
('02001015624', 5624, 'YARIELA HERRERA', NULL, NULL, NULL, 200, 'medico', 'Medico', 'MEDICO ESPECIALISTA', '101'),
('0200101788', 788, 'ESPINO', NULL, NULL, NULL, 200, 'medico', 'Medico', 'MEDICO ESPECIALISTA', '101'),
('02001018039', 8039, 'ANA P. VEGA', NULL, NULL, NULL, 200, 'medico', 'Medico', 'MEDICO ESPECIALISTA', '101'),
('02001024787', 4787, 'RIBANA E. MOLINO V', NULL, NULL, NULL, 200, 'medico', 'Medico', 'MEDICO RESIDENTE', '102'),
('02001025084', 5084, ' JUAN C. WONG', NULL, NULL, NULL, 200, 'medico', 'Medico', 'MEDICO RESIDENTE', '102'),
('02001025184', 5184, 'ITZEL SANCHEZ S.', NULL, NULL, NULL, 200, 'medico', 'Medico', 'MEDICO RESIDENTE', '102'),
('02001025197', 5197, ' ANIBAL DE LEON', NULL, NULL, NULL, 200, 'medico', 'Medico', 'MEDICO RESIDENTE', '102'),
('02001025228', 5228, ' ALVARO PACHON', NULL, NULL, NULL, 200, 'medico', 'Medico', 'MEDICO RESIDENTE', '102'),
('02001025253', 5253, 'PAOLA ROJAS GARCIA', NULL, NULL, NULL, 200, 'medico', 'Medico', 'MEDICO RESIDENTE', '102'),
('02001025384', 5384, 'GISELLE RODRIGUEZ M.', NULL, NULL, NULL, 200, 'medico', 'Medico', 'MEDICO RESIDENTE', '102'),
('02001025408', 5408, 'DANERYS SEN', NULL, NULL, NULL, 200, 'medico', 'Medico', 'MEDICO RESIDENTE', '102'),
('02001025411', 5411, 'AMARANTA PERNNETT', NULL, NULL, NULL, 200, 'medico', 'Medico', 'MEDICO RESIDENTE', '102'),
('02001025424', 5424, 'HIRAM RUIZ', NULL, NULL, NULL, 200, 'medico', 'Medico', 'MEDICO RESIDENTE', '102'),
('02001025615', 5615, ' DIMAS QUIEL', NULL, NULL, NULL, 200, 'medico', 'Medico', 'MEDICO RESIDENTE', '102'),
('02001025630', 5630, ' MARCOS RUSELL', NULL, NULL, NULL, 200, 'medico', 'Medico', 'MEDICO RESIDENTE', '102'),
('02001025633', 5633, 'ISIS VELARDE', NULL, NULL, NULL, 200, 'medico', 'Medico', 'MEDICO RESIDENTE', '102'),
('02001025636', 5636, ' ALEXANDER ROMERO', NULL, NULL, NULL, 200, 'medico', 'Medico', 'MEDICO RESIDENTE', '102'),
('02001025687', 5687, 'MICHELE QUELQUEJEU', NULL, NULL, NULL, 200, 'medico', 'Medico', 'MEDICO RESIDENTE', '102'),
('02001025696', 5696, ' MARCOS GONZALEZ', NULL, NULL, NULL, 200, 'medico', 'Medico', 'MEDICO RESIDENTE', '102'),
('02001025792', 5792, 'ORLANDO MARTINEZ', NULL, NULL, NULL, 200, 'medico', 'Medico', 'MEDICO RESIDENTE', '102'),
('02001025802', 5802, ' MAURICIO J. BERENGUER S.', NULL, NULL, NULL, 200, 'medico', 'Medico', 'MEDICO RESIDENTE', '102'),
('02001025810', 5810, 'JOSEFINA FLECHER', NULL, NULL, NULL, 200, 'medico', 'Medico', 'MEDICO RESIDENTE', '102'),
('02001025829', 5829, ' EFRAIN CARLES', NULL, NULL, NULL, 200, 'medico', 'Medico', 'MEDICO RESIDENTE', '102'),
('02001025968', 5968, 'FAVIO JARAMILLO', NULL, NULL, NULL, 200, 'medico', 'Medico', 'MEDICO RESIDENTE', '102'),
('02001025973', 5973, 'BELEN ARAUZ', NULL, NULL, NULL, 200, 'medico', 'Medico', 'MEDICO RESIDENTE', '102'),
('02001026000', 6000, 'ADAMES', NULL, NULL, NULL, 200, 'medico', 'Medico', 'MEDICO RESIDENTE', '102'),
('02001026046', 6046, 'BATISTA RUJANO', NULL, NULL, NULL, 200, 'medico', 'Medico', 'MEDICO RESIDENTE', '102'),
('02001026100', 6100, 'GASPAR PEREZ JIMENEZ', NULL, NULL, NULL, 200, 'medico', 'Medico', 'MEDICO RESIDENTE', '102'),
('02001026223', 6223, 'CARLOS TUÐON', NULL, NULL, NULL, 200, 'medico', 'Medico', 'MEDICO RESIDENTE', '102'),
('02001026235', 6235, 'FELIX OLIVARES', NULL, NULL, NULL, 200, 'medico', 'Medico', 'MEDICO RESIDENTE', '102'),
('02001026248', 6248, 'NICOLETA MAIMONE', NULL, NULL, NULL, 200, 'medico', 'Medico', 'MEDICO RESIDENTE', '102'),
('02001026249', 6249, 'PEZZOTTI', NULL, NULL, NULL, 200, 'medico', 'Medico', 'MEDICO RESIDENTE', '102'),
('02001026277', 6277, 'BARRIA', NULL, NULL, NULL, 200, 'medico', 'Medico', 'MEDICO RESIDENTE', '102'),
('02001026298', 6298, 'FELIPE SANCHEZ', NULL, NULL, NULL, 200, 'medico', 'Medico', 'MEDICO RESIDENTE', '102'),
('02001026342', 6342, 'ERICKA BARRERA', NULL, NULL, NULL, 200, 'medico', 'Medico', 'MEDICO RESIDENTE', '102'),
('02001026403', 6403, 'MARLNE HURLEY', NULL, NULL, NULL, 200, 'medico', 'Medico', 'MEDICO RESIDENTE', '102'),
('02001026719', 6719, 'JAN CUBILLA', NULL, NULL, NULL, 200, 'medico', 'Medico', 'MEDICO RESIDENTE', '102'),
('02001026910', 6910, 'ALICIA SOLIS', NULL, NULL, NULL, 200, 'medico', 'Medico', 'MEDICO RESIDENTE', '102'),
('02001027180', 7180, 'ERICKA BURGOS', NULL, NULL, NULL, 200, 'medico', 'Medico', 'MEDICO RESIDENTE', '102'),
('0200102722056', 722056, 'ERICK IBARGUEN', NULL, NULL, NULL, 200, 'medico', 'Medico', 'MEDICO RESIDENTE', '102'),
('0200102965194', 965194, 'EVARISTO RAMOS', NULL, NULL, NULL, 200, 'medico', 'Medico', 'MEDICO RESIDENTE', '102'),
('02001036249', 6249, 'YEIRE PEZZOTY', NULL, NULL, NULL, 200, 'medico', 'Medico', 'MEDICO INTERNO', '103'),
('02003006918', 6918, 'EMA GONZALEZ', NULL, NULL, NULL, 200, 'medico', 'Medico', 'ENFERMRIA', '300'),
('02011011918', 1918, ' DIOGENES ARJONA PLANO', NULL, NULL, NULL, 201, 'medico', 'Medico', 'MEDICO ESPECIALISTA', '101'),
('02021011666', 1666, 'LUIS GORRIZ AÐORBES', NULL, NULL, NULL, 202, 'medico', 'Medico', 'MEDICO ESPECIALISTA', '101'),
('02021015197', 5197, 'ANIBAL DE LEON', NULL, NULL, NULL, 202, 'medico', 'Medico', 'MEDICO ESPECIALISTA', '101'),
('02031012480', 2480, 'EDUARDO NARVAEZ', NULL, NULL, NULL, 203, 'medico', 'Medico', 'MEDICO ESPECIALISTA', '101'),
('02031012695', 2695, 'CARLOS RODRIGUEZ C.', NULL, NULL, NULL, 203, 'medico', 'Medico', 'MEDICO ESPECIALISTA', '101'),
('02031014235', 4235, 'GERMAN ESPINO', NULL, NULL, NULL, 203, 'medico', 'Medico', 'MEDICO ESPECIALISTA', '101'),
('02031014811', 4811, 'GUILLERMO OCAMPO', NULL, NULL, NULL, 203, 'medico', 'Medico', 'MEDICO ESPECIALISTA', '101'),
('0203101788', 788, 'HERIBERTO ESPINO', NULL, NULL, NULL, 203, 'medico', 'Medico', 'MEDICO ESPECIALISTA', '101'),
('02041011720', 1720, 'FERNANDO GRACIA', NULL, NULL, NULL, 204, 'medico', 'Medico', 'MEDICO ESPECIALISTA', '101'),
('02041012400', 2400, 'EZEQUIEL JETHMAL', NULL, NULL, NULL, 204, 'medico', 'Medico', 'MEDICO ESPECIALISTA', '101'),
('02041013193', 3193, 'DONNA CHAN DE LEE', NULL, NULL, NULL, 204, 'medico', 'Medico', 'MEDICO ESPECIALISTA', '101'),
('02041015174', 5174, 'LUZ A. QUIROS', NULL, NULL, NULL, 204, 'medico', 'Medico', 'MEDICO ESPECIALISTA', '101'),
('02043002048', 2048, 'OREIDA FERNANDEZ', NULL, NULL, NULL, 204, 'medico', 'Medico', 'ENFERMRIA', '300'),
('02043002310', 2310, 'ELIZABETH GONZALEZ', NULL, NULL, NULL, 204, 'medico', 'Medico', 'ENFERMRIA', '300'),
('02043003943', 3943, 'YOLANDA de AYALA', NULL, NULL, NULL, 204, 'medico', 'Medico', 'ENFERMRIA', '300'),
('02043009999', 9999, 'ESTHER IBARRA', NULL, NULL, NULL, 204, 'medico', 'Medico', 'ENFERMRIA', '300'),
('02043021157', 1157, 'VANDER ELIAS BOTELHO', NULL, NULL, NULL, 204, 'medico', 'Medico', '', '302'),
('0204302999', 999, 'ESTHER GUERRA', NULL, NULL, NULL, 204, 'medico', 'Medico', '', '302'),
('02051011720', 1720, 'FERNANDO GRACIA', NULL, NULL, NULL, 205, 'medico', 'Medico', 'MEDICO ESPECIALISTA', '101'),
('02051012400', 2400, 'EZEQUIEL JETHMAL', NULL, NULL, NULL, 205, 'medico', 'Medico', 'MEDICO ESPECIALISTA', '101'),
('02051013193', 3193, 'DONNA DE LEE', NULL, NULL, NULL, 205, 'medico', 'Medico', 'MEDICO ESPECIALISTA', '101'),
('02051014193', 4193, 'AURELIO ALVARADO', NULL, NULL, NULL, 205, 'medico', 'Medico', 'MEDICO ESPECIALISTA', '101'),
('02051014952', 4952, 'CLARIBEL VIGIL DE PIRRO', NULL, NULL, NULL, 205, 'medico', 'Medico', 'MEDICO ESPECIALISTA', '101'),
('02051015174', 5174, 'LUZ A. QUIROS', NULL, NULL, NULL, 205, 'medico', 'Medico', 'MEDICO ESPECIALISTA', '101'),
('0205400009', 9, 'ROSEMARIE J', NULL, NULL, NULL, 205, 'medico', 'Medico', 'TECNICO', '400'),
('0205400016', 16, 'CLARISSA JIMENEZ', NULL, NULL, NULL, 205, 'medico', 'Medico', 'TECNICO', '400'),
('0205400024', 24, 'ANAYANCI PEREZ', NULL, NULL, NULL, 205, 'medico', 'Medico', 'TECNICO', '400'),
('0205400025', 25, 'ROLANDO BANNISTER', NULL, NULL, NULL, 205, 'medico', 'Medico', 'TECNICO', '400'),
('02061012422', 2422, 'ARGIL JAEN TEJADA', NULL, NULL, NULL, 206, 'medico', 'Medico', 'MEDICO ESPECIALISTA', '101'),
('02061013759', 3759, 'JOSE A MONTENEGRO', NULL, NULL, NULL, 206, 'medico', 'Medico', 'MEDICO ESPECIALISTA', '101'),
('02061014770', 4770, 'ADRIANO DELGADO PAREDES', NULL, NULL, NULL, 206, 'medico', 'Medico', 'MEDICO ESPECIALISTA', '101'),
('02061014935', 4935, 'JORGE TEJERA', NULL, NULL, NULL, 206, 'medico', 'Medico', 'MEDICO ESPECIALISTA', '101'),
('02061015624', 5624, 'YARIELA HERRERA', NULL, NULL, NULL, 206, 'medico', 'Medico', 'MEDICO ESPECIALISTA', '101'),
('02061025184', 5184, 'ITZEL SANCHEZ SAMUDIO', NULL, NULL, NULL, 206, 'medico', 'Medico', 'MEDICO RESIDENTE', '102'),
('02061025197', 5197, 'ANIBAL DE LEON', NULL, NULL, NULL, 206, 'medico', 'Medico', 'MEDICO RESIDENTE', '102'),
('02061025228', 5228, 'ALVARO PACHON', NULL, NULL, NULL, 206, 'medico', 'Medico', 'MEDICO RESIDENTE', '102'),
('02061025384', 5384, 'GISSELL RODRIGUEZ', NULL, NULL, NULL, 206, 'medico', 'Medico', 'MEDICO RESIDENTE', '102'),
('02061025408', 5408, 'SEN', NULL, NULL, NULL, 206, 'medico', 'Medico', 'MEDICO RESIDENTE', '102'),
('02061026719', 6719, 'JAN CUBILLA', NULL, NULL, NULL, 206, 'medico', 'Medico', 'MEDICO RESIDENTE', '102'),
('02073001793', 1793, 'DESIREE DE PEREZ', NULL, NULL, NULL, 207, 'medico', 'Medico', 'ENFERMRIA', '300'),
('02073001870', 1870, 'ANGELA STEPHENSON', NULL, NULL, NULL, 207, 'medico', 'Medico', 'ENFERMRIA', '300'),
('02073002076', 2076, 'DENIA SALDAÐA', NULL, NULL, NULL, 207, 'medico', 'Medico', 'ENFERMRIA', '300'),
('02073002522', 2522, 'LIDIOLA de RODRIGUEZ', NULL, NULL, NULL, 207, 'medico', 'Medico', 'ENFERMRIA', '300'),
('02073003943', 3943, 'YOLANDA de AYALA', NULL, NULL, NULL, 207, 'medico', 'Medico', 'ENFERMRIA', '300'),
('02083002039', 2039, 'BENILDA de THOMPSON', NULL, NULL, NULL, 208, 'medico', 'Medico', 'ENFERMRIA', '300'),
('02083002781', 2781, 'MIRIAM JIRON', NULL, NULL, NULL, 208, 'medico', 'Medico', 'ENFERMRIA', '300'),
('02083003922', 3922, 'DIVIAN DE MORALES', NULL, NULL, NULL, 208, 'medico', 'Medico', 'ENFERMRIA', '300'),
('02201011360', 1360, ' JOSE ALBERTO ARROCHA', NULL, NULL, NULL, 220, 'medico', 'Medico', 'MEDICO ESPECIALISTA', '101'),
('02201012817', 2817, ' RUBEN DARIO NIETO', NULL, NULL, NULL, 220, 'medico', 'Medico', 'MEDICO ESPECIALISTA', '101'),
('02201013830', 3830, 'CALZADA', NULL, NULL, NULL, 220, 'medico', 'Medico', 'MEDICO ESPECIALISTA', '101'),
('02201014060', 4060, 'ENRIQUE MENDEZ TAYLOR', NULL, NULL, NULL, 220, 'medico', 'Medico', 'MEDICO ESPECIALISTA', '101'),
('02201014252', 4252, ' GABRIEL FRAGO', NULL, NULL, NULL, 220, 'medico', 'Medico', 'MEDICO ESPECIALISTA', '101'),
('0220101505', 505, 'REYNALDO AROSEMENA (PAD)', NULL, NULL, NULL, 220, 'medico', 'Medico', 'MEDICO ESPECIALISTA', '101'),
('02201015084', 5084, 'CARMELO. WONG D.', NULL, NULL, NULL, 220, 'medico', 'Medico', 'MEDICO ESPECIALISTA', '101'),
('02201015636', 5636, 'ALEXANDER ROMORO GUERRA', NULL, NULL, NULL, 220, 'medico', 'Medico', 'MEDICO ESPECIALISTA', '101'),
('02201015906', 5906, ' FELIPE CHONG WONG', NULL, NULL, NULL, 220, 'medico', 'Medico', 'MEDICO ESPECIALISTA', '101'),
('0220101639', 639, ' ROBERTO BLANDON C', NULL, NULL, NULL, 220, 'medico', 'Medico', 'MEDICO ESPECIALISTA', '101'),
('02201016396', 6396, 'AVILES', NULL, NULL, NULL, 220, 'medico', 'Medico', 'MEDICO ESPECIALISTA', '101'),
('0220101675', 675, ' JOSE A. QUIROS RIVERA', NULL, NULL, NULL, 220, 'medico', 'Medico', 'MEDICO ESPECIALISTA', '101'),
('0220101842', 842, ' JUAN RAMIREZ HARRIS', NULL, NULL, NULL, 220, 'medico', 'Medico', 'MEDICO ESPECIALISTA', '101'),
('0220101929', 929, 'EDNA LUZ ACUÐA', NULL, NULL, NULL, 220, 'medico', 'Medico', 'MEDICO ESPECIALISTA', '101'),
('0220101R636', 0, 'ALEXANDER ROMERO GUERRA', NULL, NULL, NULL, 220, 'medico', 'Medico', 'MEDICO ESPECIALISTA', '101'),
('02201025592', 5592, 'AMELIA MONGE', NULL, NULL, NULL, 220, 'medico', 'Medico', 'MEDICO RESIDENTE', '102'),
('02203001805', 1805, 'EDILMA AMAYA', NULL, NULL, NULL, 220, 'medico', 'Medico', 'ENFERMRIA', '300'),
('02203001809', 1809, 'LUISA de LORE', NULL, NULL, NULL, 220, 'medico', 'Medico', 'ENFERMRIA', '300'),
('02203001903', 1903, 'ROXANA de BROWN', NULL, NULL, NULL, 220, 'medico', 'Medico', 'ENFERMRIA', '300'),
('02203002241', 2241, 'BOLIVAR ARAUZ', NULL, NULL, NULL, 220, 'medico', 'Medico', 'ENFERMRIA', '300'),
('02203002441', 2441, 'Bolivar Arauz', NULL, NULL, NULL, 220, 'medico', 'Medico', 'ENFERMRIA', '300'),
('02203002903', 2903, 'AMALIA C. de SALADO', NULL, NULL, NULL, 220, 'medico', 'Medico', 'ENFERMRIA', '300'),
('02203003334', 3334, 'NIBSA de MACRE', NULL, NULL, NULL, 220, 'medico', 'Medico', 'ENFERMRIA', '300'),
('02203003516', 3516, 'RUTH CASTILLO', NULL, NULL, NULL, 220, 'medico', 'Medico', 'ENFERMRIA', '300'),
('02203004655', 4655, 'MERCEDES VALLADARES', NULL, NULL, NULL, 220, 'medico', 'Medico', 'ENFERMRIA', '300'),
('02301011730', 1730, 'ROSINA ARANDA', NULL, NULL, NULL, 230, 'medico', 'Medico', 'MEDICO ESPECIALISTA', '101'),
('02301011920', 1920, 'ELIAS GARCIA MAYORCA', NULL, NULL, NULL, 230, 'medico', 'Medico', 'MEDICO ESPECIALISTA', '101'),
('02301012289', 2289, 'LUIS LAMBRAÐO SANCHEZ', NULL, NULL, NULL, 230, 'medico', 'Medico', 'MEDICO ESPECIALISTA', '101'),
('02301013027', 3027, 'LUIS FERRABONE PORRAS', NULL, NULL, NULL, 230, 'medico', 'Medico', 'MEDICO ESPECIALISTA', '101'),
('02301013782', 3782, 'LUIS M. ARANGO', NULL, NULL, NULL, 230, 'medico', 'Medico', 'MEDICO ESPECIALISTA', '101'),
('0230101407', 407, 'RAFAEL PEREZ FERRARI', NULL, NULL, NULL, 230, 'medico', 'Medico', 'MEDICO ESPECIALISTA', '101'),
('02301014935', 4935, 'JORGE E. TEJERA', NULL, NULL, NULL, 230, 'medico', 'Medico', 'MEDICO ESPECIALISTA', '101'),
('02301015012', 5012, 'JOSE E. DONDIS C.', NULL, NULL, NULL, 230, 'medico', 'Medico', 'MEDICO ESPECIALISTA', '101'),
('02303004591', 4591, 'MILENY GRECO', NULL, NULL, NULL, 230, 'medico', 'Medico', 'ENFERMRIA', '300'),
('02401010447', 447, ' ELIECER CHERIGO QUIROZ', NULL, NULL, NULL, 240, 'medico', 'Medico', 'MEDICO ESPECIALISTA', '101'),
('02401012308', 2308, 'MARIXEL SUAREZ', NULL, NULL, NULL, 240, 'medico', 'Medico', 'MEDICO ESPECIALISTA', '101'),
('02401012778', 2778, 'EYRA GARCIA', NULL, NULL, NULL, 240, 'medico', 'Medico', 'MEDICO ESPECIALISTA', '101'),
('02401013132', 3132, 'FELICIA TULOCH', NULL, NULL, NULL, 240, 'medico', 'Medico', 'MEDICO ESPECIALISTA', '101'),
('02401013307', 3307, ' ANTONIO TORRES VEGA', NULL, NULL, NULL, 240, 'medico', 'Medico', 'MEDICO ESPECIALISTA', '101'),
('02401014201', 4201, ' RIGOBERTO SAMANIEGO CH.', NULL, NULL, NULL, 240, 'medico', 'Medico', 'MEDICO ESPECIALISTA', '101'),
('02401015973', 5973, 'ANA CRISTINA BELEN', NULL, NULL, NULL, 240, 'medico', 'Medico', 'MEDICO ESPECIALISTA', '101'),
('0240101694', 694, 'RODRIGUEZ FRENCH', NULL, NULL, NULL, 240, 'medico', 'Medico', 'MEDICO ESPECIALISTA', '101'),
('024010199999', 99999, 'CODIFICAR', NULL, NULL, NULL, 240, 'medico', 'Medico', 'MEDICO ESPECIALISTA', '101'),
('02401025829', 5829, ' EFRAIN CARLES', NULL, NULL, NULL, 240, 'medico', 'Medico', 'MEDICO RESIDENTE', '102'),
('02403001800', 1800, 'AMALIA de SALADO', NULL, NULL, NULL, 240, 'medico', 'Medico', 'ENFERMRIA', '300'),
('02403002218', 2218, 'CRISTINA de NICHOLAS', NULL, NULL, NULL, 240, 'medico', 'Medico', 'ENFERMRIA', '300'),
('02403002781', 2781, 'MIRIAM O. JIRON', NULL, NULL, NULL, 240, 'medico', 'Medico', 'ENFERMRIA', '300'),
('02403002934', 2934, 'MARCELA de PALMA', NULL, NULL, NULL, 240, 'medico', 'Medico', 'ENFERMRIA', '300'),
('02403003279', 3279, 'EDILKA DE MONTERO', NULL, NULL, NULL, 240, 'medico', 'Medico', 'ENFERMRIA', '300'),
('02403003297', 3297, 'JANETT REYES', NULL, NULL, NULL, 240, 'medico', 'Medico', 'ENFERMRIA', '300'),
('02403003804', 3804, 'ITZEL SOLIS', NULL, NULL, NULL, 240, 'medico', 'Medico', 'ENFERMRIA', '300'),
('02403003934', 3934, 'MARCELA de PALMA', NULL, NULL, NULL, 240, 'medico', 'Medico', 'ENFERMRIA', '300'),
('02403004242', 4242, 'DE RODRIGUEZ', NULL, NULL, NULL, 240, 'medico', 'Medico', 'ENFERMRIA', '300'),
('02403004270', 4270, 'LIDIA LARA', NULL, NULL, NULL, 240, 'medico', 'Medico', 'ENFERMRIA', '300'),
('02403004561', 4561, 'REYES', NULL, NULL, NULL, 240, 'medico', 'Medico', 'ENFERMRIA', '300'),
('02501011810', 1810, 'FRANK GUELFI AGUILAR', NULL, NULL, NULL, 250, 'medico', 'Medico', 'MEDICO ESPECIALISTA', '101'),
('02501011900', 1900, 'MARCEL PENNA FRANCO', NULL, NULL, NULL, 250, 'medico', 'Medico', 'MEDICO ESPECIALISTA', '101'),
('02501012995', 2995, 'DIANA GOMEZ', NULL, NULL, NULL, 250, 'medico', 'Medico', 'MEDICO ESPECIALISTA', '101'),
('02501014191', 4191, 'PATRICIA ARROYO', NULL, NULL, NULL, 250, 'medico', 'Medico', 'MEDICO ESPECIALISTA', '101'),
('02501014984', 4984, 'IRINA DEL C. CABALLERO', NULL, NULL, NULL, 250, 'medico', 'Medico', 'MEDICO ESPECIALISTA', '101'),
('02501015004', 5004, 'ARIS RAMOS', NULL, NULL, NULL, 250, 'medico', 'Medico', 'MEDICO ESPECIALISTA', '101'),
('02501015045', 5045, 'PUBLIO VELASCO', NULL, NULL, NULL, 250, 'medico', 'Medico', 'MEDICO ESPECIALISTA', '101'),
('02501015923', 5923, 'VELASCO', NULL, NULL, NULL, 250, 'medico', 'Medico', 'MEDICO ESPECIALISTA', '101'),
('02501016065', 6065, 'CRISTINA MORENO DE MILLER', NULL, NULL, NULL, 250, 'medico', 'Medico', 'MEDICO ESPECIALISTA', '101'),
('02501016390', 6390, 'GUERRA', NULL, NULL, NULL, 250, 'medico', 'Medico', 'MEDICO ESPECIALISTA', '101'),
('0250101668', 668, 'JUAN KRAVCIO CARLES', NULL, NULL, NULL, 250, 'medico', 'Medico', 'MEDICO ESPECIALISTA', '101'),
('02501025093', 5093, 'CARLOS SAAVEDRA', NULL, NULL, NULL, 250, 'medico', 'Medico', 'MEDICO RESIDENTE', '102'),
('02501025201', 5201, 'TOMAS M. ISAZA LAY', NULL, NULL, NULL, 250, 'medico', 'Medico', 'MEDICO RESIDENTE', '102'),
('02501025241', 5241, 'DIANA SOLIS de MACIAS', NULL, NULL, NULL, 250, 'medico', 'Medico', 'MEDICO RESIDENTE', '102'),
('02501026412', 6412, 'AYESKA CEBALLOS', NULL, NULL, NULL, 250, 'medico', 'Medico', 'MEDICO RESIDENTE', '102'),
('02501026751', 6751, 'ARIS DACOSTA', NULL, NULL, NULL, 250, 'medico', 'Medico', 'MEDICO RESIDENTE', '102'),
('02501027033', 7033, 'ROXANA D-AZ', NULL, NULL, NULL, 250, 'medico', 'Medico', 'MEDICO RESIDENTE', '102'),
('0250103G-398', 0, 'GIRALDO', NULL, NULL, NULL, 250, 'medico', 'Medico', 'MEDICO INTERNO', '103'),
('0250103G-402', 0, 'GUARDIA', NULL, NULL, NULL, 250, 'medico', 'Medico', 'MEDICO INTERNO', '103'),
('0250103M-876', 0, 'MOSQUERA', NULL, NULL, NULL, 250, 'medico', 'Medico', 'MEDICO INTERNO', '103'),
('02503002787', 2787, 'MARQUEZ', NULL, NULL, NULL, 250, 'medico', 'Medico', 'ENFERMRIA', '300'),
('02503002980', 2980, 'ARMANDO BARRIA', NULL, NULL, NULL, 250, 'medico', 'Medico', 'ENFERMRIA', '300'),
('02503003447', 3447, 'FRANCISCA MONTENEGRO', NULL, NULL, NULL, 250, 'medico', 'Medico', 'ENFERMRIA', '300'),
('02503003560', 3560, 'AMADA RAMOS', NULL, NULL, NULL, 250, 'medico', 'Medico', 'ENFERMRIA', '300'),
('02503003575', 3575, 'MARISELA F. de DIAZ', NULL, NULL, NULL, 250, 'medico', 'Medico', 'ENFERMRIA', '300'),
('02503004170', 4170, 'CARIDAD de ALFARO', NULL, NULL, NULL, 250, 'medico', 'Medico', 'ENFERMRIA', '300'),
('02503004383', 4383, 'EVANGELINA CLARKE', NULL, NULL, NULL, 250, 'medico', 'Medico', 'ENFERMRIA', '300'),
('02503004695', 4695, 'ALINA AGUILAR', NULL, NULL, NULL, 250, 'medico', 'Medico', 'ENFERMRIA', '300'),
('02503005516', 5516, 'ERIKA RUVIDE', NULL, NULL, NULL, 250, 'medico', 'Medico', 'ENFERMRIA', '300'),
('02514001168', 1168, 'ILIANA MACHADO', NULL, NULL, NULL, 251, 'medico', 'Medico', 'TECNICO', '400'),
('02514001684', 1684, 'MARIELA DONATO', NULL, NULL, NULL, 251, 'medico', 'Medico', 'TECNICO', '400'),
('02514001733', 1733, 'LUCIA GARCIA A.', NULL, NULL, NULL, 251, 'medico', 'Medico', 'TECNICO', '400'),
('0251400292', 292, 'ILKA MEDINA', NULL, NULL, NULL, 251, 'medico', 'Medico', 'TECNICO', '400'),
('0251400452', 452, 'CARMEN de AGUILAR', NULL, NULL, NULL, 251, 'medico', 'Medico', 'TECNICO', '400'),
('0251400542', 542, 'MARIA DEL S PINILLA', NULL, NULL, NULL, 251, 'medico', 'Medico', 'TECNICO', '400'),
('02601011438', 1438, ' EDMUNDO LOPEZ CALZADILLA', NULL, NULL, NULL, 260, 'medico', 'Medico', 'MEDICO ESPECIALISTA', '101'),
('02601012976', 2976, ' NELSON SANTAMARIA SANTOS', NULL, NULL, NULL, 260, 'medico', 'Medico', 'MEDICO ESPECIALISTA', '101'),
('02601013068', 3068, ' IRVING CARRASCO M', NULL, NULL, NULL, 260, 'medico', 'Medico', 'MEDICO ESPECIALISTA', '101'),
('02601013854', 3854, ' REYNALDO CHANDLER', NULL, NULL, NULL, 260, 'medico', 'Medico', 'MEDICO ESPECIALISTA', '101'),
('02601013957', 3957, ' RAFAEL PAREDES', NULL, NULL, NULL, 260, 'medico', 'Medico', 'MEDICO ESPECIALISTA', '101'),
('02601015411', 5411, 'PERNETT', NULL, NULL, NULL, 260, 'medico', 'Medico', 'MEDICO ESPECIALISTA', '101'),
('02601015968', 5968, 'FAVIO JARAMILLO', NULL, NULL, NULL, 260, 'medico', 'Medico', 'MEDICO ESPECIALISTA', '101'),
('02601025973', 5973, 'ANA BELEN ARAUZ', NULL, NULL, NULL, 260, 'medico', 'Medico', 'MEDICO RESIDENTE', '102'),
('02601026390', 6390, 'GUERRA', NULL, NULL, NULL, 260, 'medico', 'Medico', 'MEDICO RESIDENTE', '102'),
('02603003315', 3315, 'JUDITH de ABREGO', NULL, NULL, NULL, 260, 'medico', 'Medico', 'ENFERMRIA', '300'),
('02603003516', 3516, 'RUTH CASTILLO', NULL, NULL, NULL, 260, 'medico', 'Medico', 'ENFERMRIA', '300'),
('02603004284', 4284, 'JOSEFA ARBOLEDA VIETO', NULL, NULL, NULL, 260, 'medico', 'Medico', 'ENFERMRIA', '300'),
('02603004457', 4457, 'BONNIE MOORE', NULL, NULL, NULL, 260, 'medico', 'Medico', 'ENFERMRIA', '300'),
('02701011182', 1182, ' RICARDO MEDINA ACEVEDO', NULL, NULL, NULL, 270, 'medico', 'Medico', 'MEDICO ESPECIALISTA', '101'),
('02701011253', 1253, ' DIEGO REY URRIOLA(PADRE', NULL, NULL, NULL, 270, 'medico', 'Medico', 'MEDICO ESPECIALISTA', '101'),
('02701014596', 4596, 'DE LEON (CSS)', NULL, NULL, NULL, 270, 'medico', 'Medico', 'MEDICO ESPECIALISTA', '101'),
('02701014864', 4864, ' DIEGO REY HIJO', NULL, NULL, NULL, 270, 'medico', 'Medico', 'MEDICO ESPECIALISTA', '101'),
('02701015456', 5456, 'GONZALEZ (CSS)', NULL, NULL, NULL, 270, 'medico', 'Medico', 'MEDICO ESPECIALISTA', '101'),
('02701015829', 5829, 'RAFAEL CARLES', NULL, NULL, NULL, 270, 'medico', 'Medico', 'MEDICO ESPECIALISTA', '101'),
('02701016482', 6482, 'EDILBERTO BECERRA (CSS)', NULL, NULL, NULL, 270, 'medico', 'Medico', 'MEDICO ESPECIALISTA', '101'),
('02701016714', 6714, 'ARACELLYS QUINTANA', NULL, NULL, NULL, 270, 'medico', 'Medico', 'MEDICO ESPECIALISTA', '101'),
('02701016735', 6735, 'JUAN CARLOS BATISTA (CSS)', NULL, NULL, NULL, 270, 'medico', 'Medico', 'MEDICO ESPECIALISTA', '101'),
('02701016930', 6930, 'RAQUEL LAMBIS (CSS)', NULL, NULL, NULL, 270, 'medico', 'Medico', 'MEDICO ESPECIALISTA', '101'),
('02701018069', 8069, 'MARIA JULIA URRIOLA (CSS)', NULL, NULL, NULL, 270, 'medico', 'Medico', 'MEDICO ESPECIALISTA', '101'),
('0270101849', 849, 'NURIA TORTOSA', NULL, NULL, NULL, 270, 'medico', 'Medico', 'MEDICO ESPECIALISTA', '101'),
('0270101976', 976, 'EDILBERTO TORRES', NULL, NULL, NULL, 270, 'medico', 'Medico', 'MEDICO ESPECIALISTA', '101'),
('02703001635', 1635, 'IRASEMA MORALES', NULL, NULL, NULL, 270, 'medico', 'Medico', 'ENFERMRIA', '300');
INSERT INTO `usuarios` (`id`, `codigo`, `nombre_completo`, `sexo`, `telefono`, `direccion`, `servicio_id`, `clave`, `rol`, `tipo_profesional`, `codigo_profesional`) VALUES
('02703002818', 2818, 'MARIA ARAUZ (CSS)', NULL, NULL, NULL, 270, 'medico', 'Medico', 'ENFERMRIA', '300'),
('02703002821', 2821, 'ILEGIBLE', NULL, NULL, NULL, 270, 'medico', 'Medico', 'ENFERMRIA', '300'),
('02703002879', 2879, 'ANA VEGA', NULL, NULL, NULL, 270, 'medico', 'Medico', 'ENFERMRIA', '300'),
('02703003200', 3200, 'EDUVINA de SOLIS', NULL, NULL, NULL, 270, 'medico', 'Medico', 'ENFERMRIA', '300'),
('02703003269', 3269, 'ELIZABETH RUSSO', NULL, NULL, NULL, 270, 'medico', 'Medico', 'ENFERMRIA', '300'),
('02703003351', 3351, 'CIODELMA CARRASQUILLA', NULL, NULL, NULL, 270, 'medico', 'Medico', 'ENFERMRIA', '300'),
('02703003361', 3361, 'MATILDE de RODRIGUEZ', NULL, NULL, NULL, 270, 'medico', 'Medico', 'ENFERMRIA', '300'),
('02703003408', 3408, 'FELICIDAD VALDIVIESO', NULL, NULL, NULL, 270, 'medico', 'Medico', 'ENFERMRIA', '300'),
('02703003769', 3769, 'ELIZABETH RUSSO', NULL, NULL, NULL, 270, 'medico', 'Medico', 'ENFERMRIA', '300'),
('02703003790', 3790, 'YADILIA GOMEZ(CSS)', NULL, NULL, NULL, 270, 'medico', 'Medico', 'ENFERMRIA', '300'),
('02703003807', 3807, 'MARIBEL de MUÐOZ', NULL, NULL, NULL, 270, 'medico', 'Medico', 'ENFERMRIA', '300'),
('02703003817', 3817, 'LILIA NUÐEZ', NULL, NULL, NULL, 270, 'medico', 'Medico', 'ENFERMRIA', '300'),
('02703003824', 3824, 'ALICIA CUBILLA', NULL, NULL, NULL, 270, 'medico', 'Medico', 'ENFERMRIA', '300'),
('02703003827', 3827, 'LILIA NUÐEZ', NULL, NULL, NULL, 270, 'medico', 'Medico', 'ENFERMRIA', '300'),
('02703004046', 4046, 'H. GIRANTI', NULL, NULL, NULL, 270, 'medico', 'Medico', 'ENFERMRIA', '300'),
('02703004049', 4049, 'GUANTI HERMINIA DE', NULL, NULL, NULL, 270, 'medico', 'Medico', 'ENFERMRIA', '300'),
('02703004255', 4255, 'ADELA CONCEPCIËN', NULL, NULL, NULL, 270, 'medico', 'Medico', 'ENFERMRIA', '300'),
('02703004335', 4335, 'MARIS RAMOS', NULL, NULL, NULL, 270, 'medico', 'Medico', 'ENFERMRIA', '300'),
('02703004352', 4352, 'ARACELIS BERNAL C', NULL, NULL, NULL, 270, 'medico', 'Medico', 'ENFERMRIA', '300'),
('02703004429', 4429, 'ZORAIDA ORTEGA', NULL, NULL, NULL, 270, 'medico', 'Medico', 'ENFERMRIA', '300'),
('02703004490', 4490, 'DASILVA (css)', NULL, NULL, NULL, 270, 'medico', 'Medico', 'ENFERMRIA', '300'),
('02703004556', 4556, 'BETSABE DE BISO', NULL, NULL, NULL, 270, 'medico', 'Medico', 'ENFERMRIA', '300'),
('02703004605', 4605, 'JULIO (CSS)', NULL, NULL, NULL, 270, 'medico', 'Medico', 'ENFERMRIA', '300'),
('02703004629', 4629, 'DE BALLESTEROS (CSS)', NULL, NULL, NULL, 270, 'medico', 'Medico', 'ENFERMRIA', '300'),
('02703004631', 4631, 'YASMIN CASTILLO (CSS)', NULL, NULL, NULL, 270, 'medico', 'Medico', 'ENFERMRIA', '300'),
('02703004642', 4642, 'IRIS BONICHE', NULL, NULL, NULL, 270, 'medico', 'Medico', 'ENFERMRIA', '300'),
('02703004643', 4643, 'E. NAVAS', NULL, NULL, NULL, 270, 'medico', 'Medico', 'ENFERMRIA', '300'),
('02703004665', 4665, 'GC RIVERA', NULL, NULL, NULL, 270, 'medico', 'Medico', 'ENFERMRIA', '300'),
('02703004825', 4825, 'DORIS QUINTERO (CSS)', NULL, NULL, NULL, 270, 'medico', 'Medico', 'ENFERMRIA', '300'),
('02703004862', 4862, 'Humberta Bucanegra', NULL, NULL, NULL, 270, 'medico', 'Medico', 'ENFERMRIA', '300'),
('02703004916', 4916, 'HERNANDEZ', NULL, NULL, NULL, 270, 'medico', 'Medico', 'ENFERMRIA', '300'),
('02703004949', 4949, 'ZAIRA SANCHEZ', NULL, NULL, NULL, 270, 'medico', 'Medico', 'ENFERMRIA', '300'),
('02703004976', 4976, 'GUANTI', NULL, NULL, NULL, 270, 'medico', 'Medico', 'ENFERMRIA', '300'),
('02703005197', 5197, 'VIANETT SCOTT', NULL, NULL, NULL, 270, 'medico', 'Medico', 'ENFERMRIA', '300'),
('02703005212', 5212, 'M. AGUILAR', NULL, NULL, NULL, 270, 'medico', 'Medico', 'ENFERMRIA', '300'),
('02703005331', 5331, 'MIRIAN GUERRERO', NULL, NULL, NULL, 270, 'medico', 'Medico', 'ENFERMRIA', '300'),
('02703005388', 5388, 'ANDRADE', NULL, NULL, NULL, 270, 'medico', 'Medico', 'ENFERMRIA', '300'),
('02703005424', 5424, 'Elia Archibold', NULL, NULL, NULL, 270, 'medico', 'Medico', 'ENFERMRIA', '300'),
('02703005456', 5456, 'JILMA GONZALEZ (CSS)', NULL, NULL, NULL, 270, 'medico', 'Medico', 'ENFERMRIA', '300'),
('02703005695', 5695, 'DEYADIRE GONZALEZ', NULL, NULL, NULL, 270, 'medico', 'Medico', 'ENFERMRIA', '300'),
('02703005702', 5702, 'ANA DE CEDEÐO', NULL, NULL, NULL, 270, 'medico', 'Medico', 'ENFERMRIA', '300'),
('02703005893', 5893, 'EDILDA RODRIGUEZ', NULL, NULL, NULL, 270, 'medico', 'Medico', 'ENFERMRIA', '300'),
('02703005911', 5911, 'DANIA PEREZ', NULL, NULL, NULL, 270, 'medico', 'Medico', 'ENFERMRIA', '300'),
('02703005914', 5914, 'LISBETH RODRIGUEZ', NULL, NULL, NULL, 270, 'medico', 'Medico', 'ENFERMRIA', '300'),
('02703005925', 5925, 'PEÐA DAYRA', NULL, NULL, NULL, 270, 'medico', 'Medico', 'ENFERMRIA', '300'),
('02703005932', 5932, 'FILOMENA SANTAMARIA', NULL, NULL, NULL, 270, 'medico', 'Medico', 'ENFERMRIA', '300'),
('02703006008', 6008, 'MARTHA SENCIËN', NULL, NULL, NULL, 270, 'medico', 'Medico', 'ENFERMRIA', '300'),
('02703006016', 6016, 'ELSY LOPEZ', NULL, NULL, NULL, 270, 'medico', 'Medico', 'ENFERMRIA', '300'),
('02703006068', 6068, 'MARTA SENCIËN', NULL, NULL, NULL, 270, 'medico', 'Medico', 'ENFERMRIA', '300'),
('02703007028', 7028, 'ZUGUEY URRIOLA', NULL, NULL, NULL, 270, 'medico', 'Medico', 'ENFERMRIA', '300'),
('02703007082', 7082, 'IRIS MORENO', NULL, NULL, NULL, 270, 'medico', 'Medico', 'ENFERMRIA', '300'),
('02703007089', 7089, 'MIREYA LOPEZ', NULL, NULL, NULL, 270, 'medico', 'Medico', 'ENFERMRIA', '300'),
('02703014554', 4554, 'B.BIZA', NULL, NULL, NULL, 270, 'medico', 'Medico', 'TECNICO DE ENFERMERIA', '301'),
('02801012974', 2974, ' JAIME AVILA', NULL, NULL, NULL, 280, 'medico', 'Medico', 'MEDICO ESPECIALISTA', '101'),
('02801013444', 3444, 'REYNALDO AROSEMENA (HIJO', NULL, NULL, NULL, 280, 'medico', 'Medico', 'MEDICO ESPECIALISTA', '101'),
('0280101386', 386, ' AMADO ESCARTIN CH', NULL, NULL, NULL, 280, 'medico', 'Medico', 'MEDICO ESPECIALISTA', '101'),
('0280101505', 505, '.REYNALDO AROSEMENA M', NULL, NULL, NULL, 280, 'medico', 'Medico', 'MEDICO ESPECIALISTA', '101'),
('02801015655', 5655, 'TIBERIO RODRIGUEZ', NULL, NULL, NULL, 280, 'medico', 'Medico', 'MEDICO ESPECIALISTA', '101'),
('02801025655', 5655, 'RODRIGUEZ', NULL, NULL, NULL, 280, 'medico', 'Medico', 'MEDICO RESIDENTE', '102'),
('02801025687', 5687, ' MICHELE QUELQUEJEU', NULL, NULL, NULL, 280, 'medico', 'Medico', 'MEDICO RESIDENTE', '102'),
('02803002034', 2034, 'AURA MENESES', NULL, NULL, NULL, 280, 'medico', 'Medico', 'ENFERMRIA', '300'),
('02803003315', 3315, 'JUDITH de ABREGO', NULL, NULL, NULL, 280, 'medico', 'Medico', 'ENFERMRIA', '300'),
('02803003516', 3516, 'CASTILLO', NULL, NULL, NULL, 280, 'medico', 'Medico', 'ENFERMRIA', '300'),
('02803003809', 3809, 'CARIDAD DUCREUX', NULL, NULL, NULL, 280, 'medico', 'Medico', 'ENFERMRIA', '300'),
('03001011227', 1227, 'EDISON BROCE', NULL, NULL, NULL, 300, 'medico', 'Medico', 'MEDICO ESPECIALISTA', '101'),
('03001012255', 2255, 'CARMEN CHARTER', NULL, NULL, NULL, 300, 'medico', 'Medico', 'MEDICO ESPECIALISTA', '101'),
('03001012585', 2585, 'ANGEL CEDEÐO', NULL, NULL, NULL, 300, 'medico', 'Medico', 'MEDICO ESPECIALISTA', '101'),
('03001012872', 2872, 'ROGELIO VARGAS', NULL, NULL, NULL, 300, 'medico', 'Medico', 'MEDICO ESPECIALISTA', '101'),
('03001013308', 3308, 'EMILIO EFFIO', NULL, NULL, NULL, 300, 'medico', 'Medico', 'MEDICO ESPECIALISTA', '101'),
('0300101336', 336, 'JUAN F.WONG', NULL, NULL, NULL, 300, 'medico', 'Medico', 'MEDICO ESPECIALISTA', '101'),
('03001013480', 3480, 'RAFAEL DE GRACIA', NULL, NULL, NULL, 300, 'medico', 'Medico', 'MEDICO ESPECIALISTA', '101'),
('03001013761', 3761, 'VANITZA BERRIOS', NULL, NULL, NULL, 300, 'medico', 'Medico', 'MEDICO ESPECIALISTA', '101'),
('03001013800', 3800, 'INGRID E.WOLFSCHOON', NULL, NULL, NULL, 300, 'medico', 'Medico', 'MEDICO ESPECIALISTA', '101'),
('03001013820', 3820, 'LOURDES CORTEZ', NULL, NULL, NULL, 300, 'medico', 'Medico', 'MEDICO ESPECIALISTA', '101'),
('03001014028', 4028, 'ALEXIS LIAO', NULL, NULL, NULL, 300, 'medico', 'Medico', 'MEDICO ESPECIALISTA', '101'),
('03001014073', 4073, 'CARLOS ROLLA', NULL, NULL, NULL, 300, 'medico', 'Medico', 'MEDICO ESPECIALISTA', '101'),
('0300101431', 431, 'FERNANDEZ DIAZ', NULL, NULL, NULL, 300, 'medico', 'Medico', 'MEDICO ESPECIALISTA', '101'),
('03001014643', 4643, 'EDWIN DIAZ', NULL, NULL, NULL, 300, 'medico', 'Medico', 'MEDICO ESPECIALISTA', '101'),
('0300101479', 479, 'JOSE MORENO AROSEMENA', NULL, NULL, NULL, 300, 'medico', 'Medico', 'MEDICO ESPECIALISTA', '101'),
('03001014936', 4936, 'ALVAREZ', NULL, NULL, NULL, 300, 'medico', 'Medico', 'MEDICO ESPECIALISTA', '101'),
('03001015139', 5139, 'WISTON REYES', NULL, NULL, NULL, 300, 'medico', 'Medico', 'MEDICO ESPECIALISTA', '101'),
('03001015265', 5265, 'ROSMERY HERNANDEZ', NULL, NULL, NULL, 300, 'medico', 'Medico', 'MEDICO ESPECIALISTA', '101'),
('03001015297', 5297, 'GUSTAVO A. CARRIZO A.', NULL, NULL, NULL, 300, 'medico', 'Medico', 'MEDICO ESPECIALISTA', '101'),
('03001015311', 5311, 'ERIC BATISTA', NULL, NULL, NULL, 300, 'medico', 'Medico', 'MEDICO ESPECIALISTA', '101'),
('03001015347', 5347, 'ESPERANZA VILLALAZ', NULL, NULL, NULL, 300, 'medico', 'Medico', 'MEDICO ESPECIALISTA', '101'),
('03001015406', 5406, 'JAIME SANCHEZ', NULL, NULL, NULL, 300, 'medico', 'Medico', 'MEDICO ESPECIALISTA', '101'),
('03001015425', 5425, 'ALEXIS JUNCA', NULL, NULL, NULL, 300, 'medico', 'Medico', 'MEDICO ESPECIALISTA', '101'),
('03001015651', 5651, 'JUAN CARLOS LOPEZ', NULL, NULL, NULL, 300, 'medico', 'Medico', 'MEDICO ESPECIALISTA', '101'),
('0300101684', 684, 'PEDRO NUÐEZ', NULL, NULL, NULL, 300, 'medico', 'Medico', 'MEDICO ESPECIALISTA', '101'),
('0300101769', 769, 'WALDO BATISTA', NULL, NULL, NULL, 300, 'medico', 'Medico', 'MEDICO ESPECIALISTA', '101'),
('0300101C4643', 0, 'EDWIN DIAZ', NULL, NULL, NULL, 300, 'medico', 'Medico', 'MEDICO ESPECIALISTA', '101'),
('0300101C4757', 0, 'JULIO GODOY', NULL, NULL, NULL, 300, 'medico', 'Medico', 'MEDICO ESPECIALISTA', '101'),
('0300101C4852', 0, 'AUGUSTO BALL CHIARI', NULL, NULL, NULL, 300, 'medico', 'Medico', 'MEDICO ESPECIALISTA', '101'),
('0300101C4936', 0, 'ERNESTO ALVAREZ', NULL, NULL, NULL, 300, 'medico', 'Medico', 'MEDICO ESPECIALISTA', '101'),
('0300101C5022', 0, 'GABRIEL DE LEON', NULL, NULL, NULL, 300, 'medico', 'Medico', 'MEDICO ESPECIALISTA', '101'),
('0300101C5081', 0, 'ROLANDO FLORES', NULL, NULL, NULL, 300, 'medico', 'Medico', 'MEDICO ESPECIALISTA', '101'),
('0300101C5193', 0, 'ALDO GOMEZ', NULL, NULL, NULL, 300, 'medico', 'Medico', 'MEDICO ESPECIALISTA', '101'),
('0300101C5265', 0, 'ROSMERY HERNANDEZ', NULL, NULL, NULL, 300, 'medico', 'Medico', 'MEDICO ESPECIALISTA', '101'),
('03001023262', 3262, 'EDWIN ORTIZ', NULL, NULL, NULL, 300, 'medico', 'Medico', 'MEDICO RESIDENTE', '102'),
('03001025275', 5275, 'DIVA CASTAÐEDA', NULL, NULL, NULL, 300, 'medico', 'Medico', 'MEDICO RESIDENTE', '102'),
('03001025347', 5347, 'ESPERANZA VILLALAZ', NULL, NULL, NULL, 300, 'medico', 'Medico', 'MEDICO RESIDENTE', '102'),
('03001025425', 5425, 'ALEX JUNCA', NULL, NULL, NULL, 300, 'medico', 'Medico', 'MEDICO RESIDENTE', '102'),
('03001026082', 6082, 'JAIME CASTRO', NULL, NULL, NULL, 300, 'medico', 'Medico', 'MEDICO RESIDENTE', '102'),
('03001026299', 6299, 'LEIZA ROSAS', NULL, NULL, NULL, 300, 'medico', 'Medico', 'MEDICO RESIDENTE', '102'),
('03001026501', 6501, 'BOLAÐOS', NULL, NULL, NULL, 300, 'medico', 'Medico', 'MEDICO RESIDENTE', '102'),
('03001026717', 6717, 'MIGUEL HERNANDEZ', NULL, NULL, NULL, 300, 'medico', 'Medico', 'MEDICO RESIDENTE', '102'),
('03001026820', 6820, 'YAMILETH LOPEZ', NULL, NULL, NULL, 300, 'medico', 'Medico', 'MEDICO RESIDENTE', '102'),
('03001027145', 7145, 'YESSIBETH RODRIGUEZ', NULL, NULL, NULL, 300, 'medico', 'Medico', 'MEDICO RESIDENTE', '102'),
('03001027146', 7146, 'YESSIBETH RODRIGUEZ', NULL, NULL, NULL, 300, 'medico', 'Medico', 'MEDICO RESIDENTE', '102'),
('03001027189', 7189, 'JUAN C.DE OBALDIA', NULL, NULL, NULL, 300, 'medico', 'Medico', 'MEDICO RESIDENTE', '102'),
('03001027209', 7209, 'ANA LIA BECERRA', NULL, NULL, NULL, 300, 'medico', 'Medico', 'MEDICO RESIDENTE', '102'),
('03001027228', 7228, 'ADRIANA MARTINEZ', NULL, NULL, NULL, 300, 'medico', 'Medico', 'MEDICO RESIDENTE', '102'),
('03001027311', 7311, 'IVONNE DE LEON', NULL, NULL, NULL, 300, 'medico', 'Medico', 'MEDICO RESIDENTE', '102'),
('03001027335', 7335, 'SAMUEL DELGADO', NULL, NULL, NULL, 300, 'medico', 'Medico', 'MEDICO RESIDENTE', '102'),
('03001027411', 7411, 'JOSE PATIÐO', NULL, NULL, NULL, 300, 'medico', 'Medico', 'MEDICO RESIDENTE', '102'),
('03001027436', 7436, 'JOHANY CONCEPCIËN', NULL, NULL, NULL, 300, 'medico', 'Medico', 'MEDICO RESIDENTE', '102'),
('03001027507', 7507, 'ARIEL VECES', NULL, NULL, NULL, 300, 'medico', 'Medico', 'MEDICO RESIDENTE', '102'),
('03001027542', 7542, 'CRISTHIAN CHUNG', NULL, NULL, NULL, 300, 'medico', 'Medico', 'MEDICO RESIDENTE', '102'),
('03001028053', 8053, 'RIGGIE CASTILLO', NULL, NULL, NULL, 300, 'medico', 'Medico', 'MEDICO RESIDENTE', '102'),
('03003003749', 3749, 'CAMARENA', NULL, NULL, NULL, 300, 'medico', 'Medico', 'ENFERMRIA', '300'),
('03021012233', 2233, ' OSMOND A. NICHOLAS', NULL, NULL, NULL, 302, 'medico', 'Medico', 'MEDICO ESPECIALISTA', '101'),
('03021012334', 2334, 'RUTH DE LEON', NULL, NULL, NULL, 302, 'medico', 'Medico', 'MEDICO ESPECIALISTA', '101'),
('03021013582', 3582, ' CARLOS J. MORENO', NULL, NULL, NULL, 302, 'medico', 'Medico', 'MEDICO ESPECIALISTA', '101'),
('03021013918', 3918, 'EYRA RUIZ de JAEN', NULL, NULL, NULL, 302, 'medico', 'Medico', 'MEDICO ESPECIALISTA', '101'),
('03021014063', 4063, 'CARLOS POVEDA NIETO', NULL, NULL, NULL, 302, 'medico', 'Medico', 'MEDICO ESPECIALISTA', '101'),
('03021025193', 5193, ' ALDO E. GOMEZ', NULL, NULL, NULL, 302, 'medico', 'Medico', 'MEDICO RESIDENTE', '102'),
('03021025940', 5940, 'NOEL DE OBALDIA', NULL, NULL, NULL, 302, 'medico', 'Medico', 'MEDICO RESIDENTE', '102'),
('03023003920', 3920, 'ZORAIDA CAMPOS', NULL, NULL, NULL, 302, 'medico', 'Medico', 'ENFERMRIA', '300'),
('03023004301', 4301, 'IRIS SANDOVAL', NULL, NULL, NULL, 302, 'medico', 'Medico', 'ENFERMRIA', '300'),
('03024001125', 1125, 'OLIVIA BRATHWAITE', NULL, NULL, NULL, 302, 'medico', 'Medico', 'TECNICO', '400'),
('03024001127', 1127, 'ERICK CHU', NULL, NULL, NULL, 302, 'medico', 'Medico', 'TECNICO', '400'),
('03031012255', 2255, 'CARMEN CHARTER', NULL, NULL, NULL, 303, 'medico', 'Medico', 'MEDICO ESPECIALISTA', '101'),
('0303101336', 336, 'JUAN FELIPE WONG', NULL, NULL, NULL, 303, 'medico', 'Medico', 'MEDICO ESPECIALISTA', '101'),
('03031013480', 3480, 'RAFAEL DE GRACIA', NULL, NULL, NULL, 303, 'medico', 'Medico', 'MEDICO ESPECIALISTA', '101'),
('03031013820', 3820, 'LOURDES CORTES', NULL, NULL, NULL, 303, 'medico', 'Medico', 'MEDICO ESPECIALISTA', '101'),
('0303101C1885', 0, 'BLAS DE GRACIA', NULL, NULL, NULL, 303, 'medico', 'Medico', 'MEDICO ESPECIALISTA', '101'),
('0304101431', 431, 'DIAZ', NULL, NULL, NULL, 304, 'medico', 'Medico', 'MEDICO ESPECIALISTA', '101'),
('03041015297', 5297, 'GUSTAVO CARRIZO', NULL, NULL, NULL, 304, 'medico', 'Medico', 'MEDICO ESPECIALISTA', '101'),
('03101011906', 1906, 'RODRIGO VELARDE', NULL, NULL, NULL, 310, 'medico', 'Medico', 'MEDICO ESPECIALISTA', '101'),
('03101012356', 2356, 'DE FRIAS', NULL, NULL, NULL, 310, 'medico', 'Medico', 'MEDICO ESPECIALISTA', '101'),
('03101013530', 3530, 'RA+L BRAVO', NULL, NULL, NULL, 310, 'medico', 'Medico', 'MEDICO ESPECIALISTA', '101'),
('03101014943', 4943, 'GERARDO CARDENAS', NULL, NULL, NULL, 310, 'medico', 'Medico', 'MEDICO ESPECIALISTA', '101'),
('03101014947', 4947, 'GERARDO CARDENAS', NULL, NULL, NULL, 310, 'medico', 'Medico', 'MEDICO ESPECIALISTA', '101'),
('03101015083', 5083, 'MONICA HERRERA', NULL, NULL, NULL, 310, 'medico', 'Medico', 'MEDICO ESPECIALISTA', '101'),
('03101015311', 5311, 'ERIC BATISTA', NULL, NULL, NULL, 310, 'medico', 'Medico', 'MEDICO ESPECIALISTA', '101'),
('03101015391', 5391, 'TELVA CEDEÐO', NULL, NULL, NULL, 310, 'medico', 'Medico', 'MEDICO ESPECIALISTA', '101'),
('03101015599', 5599, 'ISABEL LLOYD', NULL, NULL, NULL, 310, 'medico', 'Medico', 'MEDICO ESPECIALISTA', '101'),
('03101015651', 5651, 'JUAN CARLOS LOPEZ', NULL, NULL, NULL, 310, 'medico', 'Medico', 'MEDICO ESPECIALISTA', '101'),
('03101017016', 7016, 'JULISSA GARISTO', NULL, NULL, NULL, 310, 'medico', 'Medico', 'MEDICO ESPECIALISTA', '101'),
('03101025275', 5275, 'DIVA CASTAÐEDA', NULL, NULL, NULL, 310, 'medico', 'Medico', 'MEDICO RESIDENTE', '102'),
('03101025347', 5347, 'ESPERANZA VILLALAZ', NULL, NULL, NULL, 310, 'medico', 'Medico', 'MEDICO RESIDENTE', '102'),
('03101025469', 5469, 'CLARISSA FRANCO', NULL, NULL, NULL, 310, 'medico', 'Medico', 'MEDICO RESIDENTE', '102'),
('03101025995', 5995, 'AMETH HAWKINS', NULL, NULL, NULL, 310, 'medico', 'Medico', 'MEDICO RESIDENTE', '102'),
('03101026082', 6082, 'JAIME CASTRO', NULL, NULL, NULL, 310, 'medico', 'Medico', 'MEDICO RESIDENTE', '102'),
('03101026108', 6108, 'NILSA GONZALEZ', NULL, NULL, NULL, 310, 'medico', 'Medico', 'MEDICO RESIDENTE', '102'),
('03101026474', 6474, 'JORGE ESPINOSA', NULL, NULL, NULL, 310, 'medico', 'Medico', 'MEDICO RESIDENTE', '102'),
('03101026501', 6501, 'BOLAÐOS', NULL, NULL, NULL, 310, 'medico', 'Medico', 'MEDICO RESIDENTE', '102'),
('03101026502', 6502, 'JOHANA BUITRAGO', NULL, NULL, NULL, 310, 'medico', 'Medico', 'MEDICO RESIDENTE', '102'),
('03101026717', 6717, 'MIGUEL HERNANDEZ', NULL, NULL, NULL, 310, 'medico', 'Medico', 'MEDICO RESIDENTE', '102'),
('03101026732', 6732, 'BLEIXEN ADMAD+', NULL, NULL, NULL, 310, 'medico', 'Medico', 'MEDICO RESIDENTE', '102'),
('03101026820', 6820, 'YAMILETH LOPEZ', NULL, NULL, NULL, 310, 'medico', 'Medico', 'MEDICO RESIDENTE', '102'),
('03101026926', 6926, 'ALBERTO MORALES', NULL, NULL, NULL, 310, 'medico', 'Medico', 'MEDICO RESIDENTE', '102'),
('03101027146', 7146, 'YESSIBETH RODRIGUEZ', NULL, NULL, NULL, 310, 'medico', 'Medico', 'MEDICO RESIDENTE', '102'),
('03101027189', 7189, 'JUAN CARLOS DE OBALDIA', NULL, NULL, NULL, 310, 'medico', 'Medico', 'MEDICO RESIDENTE', '102'),
('03101027209', 7209, 'ANA LIA BECERRA', NULL, NULL, NULL, 310, 'medico', 'Medico', 'MEDICO RESIDENTE', '102'),
('03101027228', 7228, 'ADRIANA MARTINEZ', NULL, NULL, NULL, 310, 'medico', 'Medico', 'MEDICO RESIDENTE', '102'),
('03101027311', 7311, 'IVONNE DE LEON', NULL, NULL, NULL, 310, 'medico', 'Medico', 'MEDICO RESIDENTE', '102'),
('03101027335', 7335, 'SAMUEL DELGADO', NULL, NULL, NULL, 310, 'medico', 'Medico', 'MEDICO RESIDENTE', '102'),
('03101027411', 7411, 'JOSE PATIÐO', NULL, NULL, NULL, 310, 'medico', 'Medico', 'MEDICO RESIDENTE', '102'),
('03101027436', 7436, 'YOHANY CONCEPCIËN', NULL, NULL, NULL, 310, 'medico', 'Medico', 'MEDICO RESIDENTE', '102'),
('03101027507', 7507, 'ARIEL VECES', NULL, NULL, NULL, 310, 'medico', 'Medico', 'MEDICO RESIDENTE', '102'),
('03101027542', 7542, 'CRISTHIAN CHUNG', NULL, NULL, NULL, 310, 'medico', 'Medico', 'MEDICO RESIDENTE', '102'),
('03101028053', 8053, 'REGGIE CASTILLO', NULL, NULL, NULL, 310, 'medico', 'Medico', 'MEDICO RESIDENTE', '102'),
('03103001625', 1625, 'E BEDOYA', NULL, NULL, NULL, 310, 'medico', 'Medico', 'ENFERMRIA', '300'),
('03103003749', 3749, 'CAMARENA', NULL, NULL, NULL, 310, 'medico', 'Medico', 'ENFERMRIA', '300'),
('03111010204', 204, 'AUGUSTO BAL CASTILLO', NULL, NULL, NULL, 311, 'medico', 'Medico', 'MEDICO ESPECIALISTA', '101'),
('03111011227', 1227, 'EDISON BROCE', NULL, NULL, NULL, 311, 'medico', 'Medico', 'MEDICO ESPECIALISTA', '101'),
('03111012356', 2356, 'MIGDALIA DE FRIAS', NULL, NULL, NULL, 311, 'medico', 'Medico', 'MEDICO ESPECIALISTA', '101'),
('03111012907', 2907, 'ARIS C. MENDIETA', NULL, NULL, NULL, 311, 'medico', 'Medico', 'MEDICO ESPECIALISTA', '101'),
('03111013057', 3057, 'ANA BASSO', NULL, NULL, NULL, 311, 'medico', 'Medico', 'MEDICO ESPECIALISTA', '101'),
('03111013308', 3308, 'EMILIO EFFIO', NULL, NULL, NULL, 311, 'medico', 'Medico', 'MEDICO ESPECIALISTA', '101'),
('03111013480', 3480, 'RAFAEL DE GRACIA', NULL, NULL, NULL, 311, 'medico', 'Medico', 'MEDICO ESPECIALISTA', '101'),
('03111013820', 3820, 'LOURDES CORTEZ', NULL, NULL, NULL, 311, 'medico', 'Medico', 'MEDICO ESPECIALISTA', '101'),
('03111014763', 4763, 'OSVALDO REYES', NULL, NULL, NULL, 311, 'medico', 'Medico', 'MEDICO ESPECIALISTA', '101'),
('03111015139', 5139, 'WINSTON REYES', NULL, NULL, NULL, 311, 'medico', 'Medico', 'MEDICO ESPECIALISTA', '101'),
('03111015265', 5265, 'ROSEMARY HERNANDEZ', NULL, NULL, NULL, 311, 'medico', 'Medico', 'MEDICO ESPECIALISTA', '101'),
('03111015425', 5425, 'ALEXIS JUNCO', NULL, NULL, NULL, 311, 'medico', 'Medico', 'MEDICO ESPECIALISTA', '101'),
('0311101545', 545, 'FRANCISCO YANISELLY', NULL, NULL, NULL, 311, 'medico', 'Medico', 'MEDICO ESPECIALISTA', '101'),
('0311101735', 735, 'PRAXEDES CRESPO', NULL, NULL, NULL, 311, 'medico', 'Medico', 'MEDICO ESPECIALISTA', '101'),
('0311101769', 769, 'WALDO BATISTA', NULL, NULL, NULL, 311, 'medico', 'Medico', 'MEDICO ESPECIALISTA', '101'),
('0311101C402', 0, 'HERNANDO RESTREPO', NULL, NULL, NULL, 311, 'medico', 'Medico', 'MEDICO ESPECIALISTA', '101'),
('0311101C4852', 0, 'AUGUSTO BALL CHIARI', NULL, NULL, NULL, 311, 'medico', 'Medico', 'MEDICO ESPECIALISTA', '101'),
('03111025139', 5139, 'WINSTON REYES SANTANA', NULL, NULL, NULL, 311, 'medico', 'Medico', 'MEDICO RESIDENTE', '102'),
('03111025193', 5193, 'ALDO GOMEZ', NULL, NULL, NULL, 311, 'medico', 'Medico', 'MEDICO RESIDENTE', '102'),
('03111025406', 5406, 'JAIME SANCHEZ', NULL, NULL, NULL, 311, 'medico', 'Medico', 'MEDICO RESIDENTE', '102'),
('03111025425', 5425, 'ALEX JUNCA', NULL, NULL, NULL, 311, 'medico', 'Medico', 'MEDICO RESIDENTE', '102'),
('0311102C5022', 0, 'GABRIEL DE LEON', NULL, NULL, NULL, 311, 'medico', 'Medico', 'MEDICO RESIDENTE', '102'),
('03113002137', 2137, 'EIDA SANCHEZ de FUENTES', NULL, NULL, NULL, 311, 'medico', 'Medico', 'ENFERMRIA', '300'),
('03113002915', 2915, 'ANA de RIVERA', NULL, NULL, NULL, 311, 'medico', 'Medico', 'ENFERMRIA', '300'),
('03113002967', 2967, 'DILSIA E. SOSA', NULL, NULL, NULL, 311, 'medico', 'Medico', 'ENFERMRIA', '300'),
('03113003073', 3073, 'DORIS E TUÐON', NULL, NULL, NULL, 311, 'medico', 'Medico', 'ENFERMRIA', '300'),
('03113003167', 3167, 'EMILIA CHOY', NULL, NULL, NULL, 311, 'medico', 'Medico', 'ENFERMRIA', '300'),
('03113003184', 3184, 'FIDEDIGNA de MARQUEZ', NULL, NULL, NULL, 311, 'medico', 'Medico', 'ENFERMRIA', '300'),
('03113003310', 3310, 'YOLY IGUALA', NULL, NULL, NULL, 311, 'medico', 'Medico', 'ENFERMRIA', '300'),
('03113003517', 3517, 'MARIA BONILLA', NULL, NULL, NULL, 311, 'medico', 'Medico', 'ENFERMRIA', '300'),
('03113003546', 3546, 'SONIA DE VASQUEZ', NULL, NULL, NULL, 311, 'medico', 'Medico', 'ENFERMRIA', '300'),
('03113003638', 3638, 'MARIA TERAN', NULL, NULL, NULL, 311, 'medico', 'Medico', 'ENFERMRIA', '300'),
('03113003710', 3710, 'MARIA CANDELARIA', NULL, NULL, NULL, 311, 'medico', 'Medico', 'ENFERMRIA', '300'),
('03113003749', 3749, 'DAMARIS de CAMARENA', NULL, NULL, NULL, 311, 'medico', 'Medico', 'ENFERMRIA', '300'),
('03113003772', 3772, 'GRISELDA GONZALEZ', NULL, NULL, NULL, 311, 'medico', 'Medico', 'ENFERMRIA', '300'),
('03113003949', 3949, 'IRAIDA DOMINGUEZ', NULL, NULL, NULL, 311, 'medico', 'Medico', 'ENFERMRIA', '300'),
('03121012356', 2356, 'DE FRIAS', NULL, NULL, NULL, 312, 'medico', 'Medico', 'MEDICO ESPECIALISTA', '101'),
('03131011553', 1553, 'DARIO BENEDITO', NULL, NULL, NULL, 313, 'medico', 'Medico', 'MEDICO ESPECIALISTA', '101'),
('03131013662', 3662, 'EDWIN ORTIZ', NULL, NULL, NULL, 313, 'medico', 'Medico', 'MEDICO ESPECIALISTA', '101'),
('03141012356', 2356, 'FRIAS', NULL, NULL, NULL, 314, 'medico', 'Medico', 'MEDICO ESPECIALISTA', '101'),
('03143001659', 1659, 'ARGELIA M. DE CASTILLO', NULL, NULL, NULL, 314, 'medico', 'Medico', 'ENFERMRIA', '300'),
('03143001895', 1895, 'FIDEDIGNA S. DE MARTINEZ', NULL, NULL, NULL, 314, 'medico', 'Medico', 'ENFERMRIA', '300'),
('03151012356', 2356, 'DE FRIAS', NULL, NULL, NULL, 315, 'medico', 'Medico', 'MEDICO ESPECIALISTA', '101'),
('03151015139', 5139, 'REYES', NULL, NULL, NULL, 315, 'medico', 'Medico', 'MEDICO ESPECIALISTA', '101'),
('0315101C402', 0, 'RESTREPO', NULL, NULL, NULL, 315, 'medico', 'Medico', 'MEDICO ESPECIALISTA', '101'),
('03151025766', 5766, 'A. MARINO', NULL, NULL, NULL, 315, 'medico', 'Medico', 'MEDICO RESIDENTE', '102'),
('04101001788', 1788, 'MATILDE S. DE LEZCANO', NULL, NULL, NULL, 410, 'medico', 'Medico', 'MEDICO GENERAL', '100'),
('04101003191', 3191, 'FELIZA TONG', NULL, NULL, NULL, 410, 'medico', 'Medico', 'MEDICO GENERAL', '100'),
('0420101101', 101, 'MAYLIN RUIZ', NULL, NULL, NULL, 420, 'medico', 'Medico', 'MEDICO ESPECIALISTA', '101'),
('04201011795', 1795, 'LILIAN DE MISLOV', NULL, NULL, NULL, 420, 'medico', 'Medico', 'MEDICO ESPECIALISTA', '101'),
('04201012603', 2603, ' MARIO LEE', NULL, NULL, NULL, 420, 'medico', 'Medico', 'MEDICO ESPECIALISTA', '101'),
('04201012868', 2868, 'DAMARIS LAWSON', NULL, NULL, NULL, 420, 'medico', 'Medico', 'MEDICO ESPECIALISTA', '101'),
('04201013089', 3089, 'MARISOL de LEE', NULL, NULL, NULL, 420, 'medico', 'Medico', 'MEDICO ESPECIALISTA', '101'),
('04201014190', 4190, 'YANINA JAEN', NULL, NULL, NULL, 420, 'medico', 'Medico', 'MEDICO ESPECIALISTA', '101'),
('04201014613', 4613, 'ERICK VILLARREAL', NULL, NULL, NULL, 420, 'medico', 'Medico', 'MEDICO ESPECIALISTA', '101'),
('0420101464', 464, 'TOMAS CASTILLO', NULL, NULL, NULL, 420, 'medico', 'Medico', 'MEDICO ESPECIALISTA', '101'),
('04201015317', 5317, 'NESTOR PEREZ', NULL, NULL, NULL, 420, 'medico', 'Medico', 'MEDICO ESPECIALISTA', '101'),
('04201015531', 5531, 'IDELFONSO MORENO', NULL, NULL, NULL, 420, 'medico', 'Medico', 'MEDICO ESPECIALISTA', '101'),
('04201015597', 5597, 'MAYLIN RUIZ', NULL, NULL, NULL, 420, 'medico', 'Medico', 'MEDICO ESPECIALISTA', '101'),
('04201015636', 5636, 'ALEXANDER ROMERO GUERRA', NULL, NULL, NULL, 420, 'medico', 'Medico', 'MEDICO ESPECIALISTA', '101'),
('04201015764', 5764, 'WILFREDO SAEZ', NULL, NULL, NULL, 420, 'medico', 'Medico', 'MEDICO ESPECIALISTA', '101'),
('04201016026', 6026, 'GERMAN DELGADO', NULL, NULL, NULL, 420, 'medico', 'Medico', 'MEDICO ESPECIALISTA', '101'),
('04201016343', 6343, 'ROLANDO REYNA', NULL, NULL, NULL, 420, 'medico', 'Medico', 'MEDICO ESPECIALISTA', '101'),
('04201016826', 6826, 'MAXIMA CASTILLO', NULL, NULL, NULL, 420, 'medico', 'Medico', 'MEDICO ESPECIALISTA', '101'),
('04201016983', 6983, 'GRACE SALDAÐA', NULL, NULL, NULL, 420, 'medico', 'Medico', 'MEDICO ESPECIALISTA', '101'),
('04201026497', 6497, 'SILVIA CEDEÐO', NULL, NULL, NULL, 420, 'medico', 'Medico', 'MEDICO RESIDENTE', '102'),
('04201026503', 6503, 'SILKA WONG', NULL, NULL, NULL, 420, 'medico', 'Medico', 'MEDICO RESIDENTE', '102'),
('04203002189', 2189, 'DALYS de ORTIZ', NULL, NULL, NULL, 420, 'medico', 'Medico', 'ENFERMRIA', '300'),
('04203002733', 2733, 'GRACIELA SANJUR', NULL, NULL, NULL, 420, 'medico', 'Medico', 'ENFERMRIA', '300'),
('04203002792', 2792, 'MILENY GRECO', NULL, NULL, NULL, 420, 'medico', 'Medico', 'ENFERMRIA', '300'),
('04203002820', 2820, 'MIRIAM de CASTILLO', NULL, NULL, NULL, 420, 'medico', 'Medico', 'ENFERMRIA', '300'),
('04203002982', 2982, 'ELINA DEL C. AGUINA', NULL, NULL, NULL, 420, 'medico', 'Medico', 'ENFERMRIA', '300'),
('04203003109', 3109, 'DIOSELINA DE BARRIOS', NULL, NULL, NULL, 420, 'medico', 'Medico', 'ENFERMRIA', '300'),
('04203003431', 3431, 'GONZALEZ', NULL, NULL, NULL, 420, 'medico', 'Medico', 'ENFERMRIA', '300'),
('04203003943', 3943, 'YOLANDA de AYALA', NULL, NULL, NULL, 420, 'medico', 'Medico', 'ENFERMRIA', '300'),
('04203004900', 4900, 'JOSEFINA DE ARAUZ', NULL, NULL, NULL, 420, 'medico', 'Medico', 'ENFERMRIA', '300'),
('04203011131', 1131, 'MAIGUALIDA de GONZALEZ', NULL, NULL, NULL, 420, 'medico', 'Medico', 'TECNICO DE ENFERMERIA', '301'),
('04203012494', 2494, 'GLORIA STEWART', NULL, NULL, NULL, 420, 'medico', 'Medico', 'TECNICO DE ENFERMERIA', '301'),
('04203012808', 2808, 'BEATRIZ GONZALEZ', NULL, NULL, NULL, 420, 'medico', 'Medico', 'TECNICO DE ENFERMERIA', '301'),
('04203013545', 3545, 'MARIA DE BOLIVAR', NULL, NULL, NULL, 420, 'medico', 'Medico', 'TECNICO DE ENFERMERIA', '301'),
('042040011', 11, 'MADRID', NULL, NULL, NULL, 420, 'medico', 'Medico', 'TECNICO', '400'),
('042040032', 32, 'TAPIA', NULL, NULL, NULL, 420, 'medico', 'Medico', 'TECNICO', '400'),
('04221013762', 3762, 'DE MOLA', NULL, NULL, NULL, 422, 'medico', 'Medico', 'MEDICO ESPECIALISTA', '101'),
('04221014657', 4657, 'HECTOR TAPIA', NULL, NULL, NULL, 422, 'medico', 'Medico', 'MEDICO ESPECIALISTA', '101'),
('04221015597', 5597, 'MAYLIN RUIZ', NULL, NULL, NULL, 422, 'medico', 'Medico', 'MEDICO ESPECIALISTA', '101'),
('04221016274', 6274, 'MARTINEZ', NULL, NULL, NULL, 422, 'medico', 'Medico', 'MEDICO ESPECIALISTA', '101'),
('04221016752', 6752, 'JEANINA JAEN', NULL, NULL, NULL, 422, 'medico', 'Medico', 'MEDICO ESPECIALISTA', '101'),
('04401012400', 2400, 'EZEQUIEL JETHMAL', NULL, NULL, NULL, 440, 'medico', 'Medico', 'MEDICO ESPECIALISTA', '101'),
('04401014952', 4952, 'CLARIBEL VIGIL de PIRRO', NULL, NULL, NULL, 440, 'medico', 'Medico', 'MEDICO ESPECIALISTA', '101'),
('04401015174', 5174, 'LUZ A. QUIROS', NULL, NULL, NULL, 440, 'medico', 'Medico', 'MEDICO ESPECIALISTA', '101'),
('04401015951', 5951, 'ANA GRACE SAUCEDO', NULL, NULL, NULL, 440, 'medico', 'Medico', 'MEDICO ESPECIALISTA', '101'),
('0440400016', 16, 'JIMENEZ', NULL, NULL, NULL, 440, 'medico', 'Medico', 'TECNICO', '400'),
('0440400042', 42, 'DE RUIZ', NULL, NULL, NULL, 440, 'medico', 'Medico', 'TECNICO', '400'),
('0440400050', 50, 'de VALDERRAMA', NULL, NULL, NULL, 440, 'medico', 'Medico', 'TECNICO', '400'),
('0440400056', 56, 'BERROCAL', NULL, NULL, NULL, 440, 'medico', 'Medico', 'TECNICO', '400'),
('0440400081', 81, 'de ALBAEZ', NULL, NULL, NULL, 440, 'medico', 'Medico', 'TECNICO', '400'),
('0440400100', 100, 'ROSAS', NULL, NULL, NULL, 440, 'medico', 'Medico', 'TECNICO', '400'),
('0440400102', 102, 'de PIEDRA', NULL, NULL, NULL, 440, 'medico', 'Medico', 'TECNICO', '400'),
('0440400118', 118, 'C. de MENDEZ', NULL, NULL, NULL, 440, 'medico', 'Medico', 'TECNICO', '400'),
('0440400132', 132, 'MERON', NULL, NULL, NULL, 440, 'medico', 'Medico', 'TECNICO', '400'),
('0440400160', 160, 'DUARTE', NULL, NULL, NULL, 440, 'medico', 'Medico', 'TECNICO', '400'),
('0440400224', 224, 'RIVERA', NULL, NULL, NULL, 440, 'medico', 'Medico', 'TECNICO', '400'),
('0440400327', 327, 'MORENO', NULL, NULL, NULL, 440, 'medico', 'Medico', 'TECNICO', '400'),
('0441400364', 364, 'SONIA MUÐOZ', NULL, NULL, NULL, 441, 'medico', 'Medico', 'TECNICO', '400'),
('0441400459', 459, 'DAVID ANDREVE F.', NULL, NULL, NULL, 441, 'medico', 'Medico', 'TECNICO', '400'),
('0441400600', 600, 'LOURDES GENETEAU', NULL, NULL, NULL, 441, 'medico', 'Medico', 'TECNICO', '400'),
('0441400630', 630, 'JULIO LEIVA', NULL, NULL, NULL, 441, 'medico', 'Medico', 'TECNICO', '400'),
('0442400032', 32, 'ISAAC GUERRERO VEGA', NULL, NULL, NULL, 442, 'medico', 'Medico', 'TECNICO', '400'),
('0442400098', 98, 'RIGOBERTO ARBOLEDA', NULL, NULL, NULL, 442, 'medico', 'Medico', 'TECNICO', '400'),
('04431014952', 4952, 'CLARIBEL VIGIL', NULL, NULL, NULL, 443, 'medico', 'Medico', 'MEDICO ESPECIALISTA', '101'),
('04431015174', 5174, 'LUZ QUIROZ', NULL, NULL, NULL, 443, 'medico', 'Medico', 'MEDICO ESPECIALISTA', '101'),
('04431015951', 5951, 'ANA GRACE SAUCEDO', NULL, NULL, NULL, 443, 'medico', 'Medico', 'MEDICO ESPECIALISTA', '101'),
('0443400022', 22, 'SEBASTIANA SALAZAR', NULL, NULL, NULL, 443, 'medico', 'Medico', 'TECNICO', '400'),
('0520400104', 104, 'MARITZA JUNCO', NULL, NULL, NULL, 520, 'medico', 'Medico', 'TECNICO', '400'),
('0520400105', 105, 'NILKA ESPADA', NULL, NULL, NULL, 520, 'medico', 'Medico', 'TECNICO', '400'),
('05301013132', 3132, 'FELICIA TULOCH', NULL, NULL, NULL, 530, 'medico', 'Medico', 'MEDICO ESPECIALISTA', '101'),
('05404001106', 1106, ' EIRA ESPINOSA N', NULL, NULL, NULL, 540, 'medico', 'Medico', 'TECNICO', '400'),
('05404001112', 1112, ' MARISOL DIAZ', NULL, NULL, NULL, 540, 'medico', 'Medico', 'TECNICO', '400'),
('0540400173', 173, ' ADIS MIRA', NULL, NULL, NULL, 540, 'medico', 'Medico', 'TECNICO', '400'),
('0540400190', 190, ' NILKA BARRIOS', NULL, NULL, NULL, 540, 'medico', 'Medico', 'TECNICO', '400'),
('05404002161', 2161, ' GLORIELA MEDINA', NULL, NULL, NULL, 540, 'medico', 'Medico', 'TECNICO', '400'),
('05404002168', 2168, ' DEBORAH ROBERTS', NULL, NULL, NULL, 540, 'medico', 'Medico', 'TECNICO', '400'),
('05404002190', 2190, ' YESENIA GONZALEZ', NULL, NULL, NULL, 540, 'medico', 'Medico', 'TECNICO', '400'),
('0540400322', 322, 'WING de DENIS', NULL, NULL, NULL, 540, 'medico', 'Medico', 'TECNICO', '400'),
('0540400387', 387, ' HERMINIA O. de SINGH', NULL, NULL, NULL, 540, 'medico', 'Medico', 'TECNICO', '400'),
('0540400390', 390, ' MAYRA DIAZ', NULL, NULL, NULL, 540, 'medico', 'Medico', 'TECNICO', '400'),
('0540400541', 541, ' HAYDEE de ROMERO', NULL, NULL, NULL, 540, 'medico', 'Medico', 'TECNICO', '400'),
('054040063', 63, ' AURISTELA CARDENAS', NULL, NULL, NULL, 540, 'medico', 'Medico', 'TECNICO', '400'),
('0540400635', 635, ' SONIA VERGARA', NULL, NULL, NULL, 540, 'medico', 'Medico', 'TECNICO', '400'),
('0540400809', 809, ' BERTILDA de PAREDES', NULL, NULL, NULL, 540, 'medico', 'Medico', 'TECNICO', '400'),
('054040088', 88, ' MARCELA M de RIVERA', NULL, NULL, NULL, 540, 'medico', 'Medico', 'TECNICO', '400'),
('0540400908', 908, ' MARIA DEL MAR', NULL, NULL, NULL, 540, 'medico', 'Medico', 'TECNICO', '400'),
('0540400932', 932, ' CAROLINA HERNANDEZ', NULL, NULL, NULL, 540, 'medico', 'Medico', 'TECNICO', '400'),
('05501003163', 3163, 'CARLOS ARCHBOLD', NULL, NULL, NULL, 550, 'medico', 'Medico', 'MEDICO GENERAL', '100'),
('05501005220', 5220, 'ANALISA SAMANIEGO', NULL, NULL, NULL, 550, 'medico', 'Medico', 'MEDICO GENERAL', '100'),
('05503001775', 1775, 'DE MENESES', NULL, NULL, NULL, 550, 'medico', 'Medico', 'ENFERMRIA', '300'),
('05503002048', 2048, 'OREIDA de FERNANDEZ', NULL, NULL, NULL, 550, 'medico', 'Medico', 'ENFERMRIA', '300'),
('05503002310', 2310, 'ELIZABETH de GONZALEZ', NULL, NULL, NULL, 550, 'medico', 'Medico', 'ENFERMRIA', '300'),
('05503002522', 2522, 'LIDIOLA DE RODRIGUEZ', NULL, NULL, NULL, 550, 'medico', 'Medico', 'ENFERMRIA', '300'),
('05503003943', 3943, 'YOLANDA de AYALA', NULL, NULL, NULL, 550, 'medico', 'Medico', 'ENFERMRIA', '300'),
('06001013468', 3468, 'LUIS C. BRAVO', NULL, NULL, NULL, 600, 'medico', 'Medico', 'MEDICO ESPECIALISTA', '101'),
('06001013883', 3883, 'FULVIA VERGARA', NULL, NULL, NULL, 600, 'medico', 'Medico', 'MEDICO ESPECIALISTA', '101'),
('06001013976', 3976, 'LIBETH SIERRA', NULL, NULL, NULL, 600, 'medico', 'Medico', 'MEDICO ESPECIALISTA', '101'),
('06001014408', 4408, 'CARLOS M BALLESTEROS Z.', NULL, NULL, NULL, 600, 'medico', 'Medico', 'MEDICO ESPECIALISTA', '101'),
('06001014883', 4883, 'JOSE RODRIGUEZ', NULL, NULL, NULL, 600, 'medico', 'Medico', 'MEDICO ESPECIALISTA', '101'),
('06001015171', 5171, 'ANAYANSI DIAZ ORTIZ', NULL, NULL, NULL, 600, 'medico', 'Medico', 'MEDICO ESPECIALISTA', '101'),
('06001015184', 5184, 'SANCHEZ', NULL, NULL, NULL, 600, 'medico', 'Medico', 'MEDICO ESPECIALISTA', '101'),
('06001015405', 5405, 'LESLIE KARINA RINCON', NULL, NULL, NULL, 600, 'medico', 'Medico', 'MEDICO ESPECIALISTA', '101'),
('06001016582', 6582, 'JOSE M. TRUJILLO S', NULL, NULL, NULL, 600, 'medico', 'Medico', 'MEDICO ESPECIALISTA', '101'),
('06001017573', 7573, 'EDUARDO PRADO P', NULL, NULL, NULL, 600, 'medico', 'Medico', 'MEDICO ESPECIALISTA', '101'),
('0600101757306', 757306, 'EDUARDO PRADO P.', NULL, NULL, NULL, 600, 'medico', 'Medico', 'MEDICO ESPECIALISTA', '101'),
('06011011389', 1389, 'ELOY JARAMILLO', NULL, NULL, NULL, 601, 'medico', 'Medico', 'MEDICO ESPECIALISTA', '101'),
('06011011425', 1425, 'CARMEN de GUTIERREZ', NULL, NULL, NULL, 601, 'medico', 'Medico', 'MEDICO ESPECIALISTA', '101'),
('06011011429', 1429, 'CARMEN BARRIA', NULL, NULL, NULL, 601, 'medico', 'Medico', 'MEDICO ESPECIALISTA', '101'),
('06011011790', 1790, 'RICARDO CASTRO', NULL, NULL, NULL, 601, 'medico', 'Medico', 'MEDICO ESPECIALISTA', '101'),
('06011011874', 1874, 'JAIME JIRON', NULL, NULL, NULL, 601, 'medico', 'Medico', 'MEDICO ESPECIALISTA', '101'),
('06011012201', 2201, 'ADELINO CABRERA NAVARRO', NULL, NULL, NULL, 601, 'medico', 'Medico', 'MEDICO ESPECIALISTA', '101'),
('06011012406', 2406, 'GLADIS DE GRACIA', NULL, NULL, NULL, 601, 'medico', 'Medico', 'MEDICO ESPECIALISTA', '101'),
('06011012572', 2572, 'GISELA SANCHEZ de RIOS', NULL, NULL, NULL, 601, 'medico', 'Medico', 'MEDICO ESPECIALISTA', '101'),
('06011012821', 2821, 'GUSTAVO RAMBOA', NULL, NULL, NULL, 601, 'medico', 'Medico', 'MEDICO ESPECIALISTA', '101'),
('06011012857', 2857, 'FERNANDO A. GUERRA', NULL, NULL, NULL, 601, 'medico', 'Medico', 'MEDICO ESPECIALISTA', '101'),
('06011012975', 2975, 'LUIS MERCHAN', NULL, NULL, NULL, 601, 'medico', 'Medico', 'MEDICO ESPECIALISTA', '101'),
('06011013188', 3188, 'GILMA ESPINOSA', NULL, NULL, NULL, 601, 'medico', 'Medico', 'MEDICO ESPECIALISTA', '101'),
('06011013233', 3233, 'MARIBEL GRANADOS', NULL, NULL, NULL, 601, 'medico', 'Medico', 'MEDICO ESPECIALISTA', '101'),
('06011013373', 3373, 'CAMILO LOPEZ', NULL, NULL, NULL, 601, 'medico', 'Medico', 'MEDICO ESPECIALISTA', '101'),
('06011013381', 3381, 'GILMA ESPINOSA', NULL, NULL, NULL, 601, 'medico', 'Medico', 'MEDICO ESPECIALISTA', '101'),
('06011013534', 3534, 'ELIECER LU', NULL, NULL, NULL, 601, 'medico', 'Medico', 'MEDICO ESPECIALISTA', '101'),
('06011013790', 3790, 'MARLENE GUARDIA', NULL, NULL, NULL, 601, 'medico', 'Medico', 'MEDICO ESPECIALISTA', '101'),
('06011014186', 4186, 'GABRIELA VELARDE', NULL, NULL, NULL, 601, 'medico', 'Medico', 'MEDICO ESPECIALISTA', '101'),
('06011014245', 4245, 'NITZIA TORRES', NULL, NULL, NULL, 601, 'medico', 'Medico', 'MEDICO ESPECIALISTA', '101'),
('06011014467', 4467, 'JUYTHEL CHEN', NULL, NULL, NULL, 601, 'medico', 'Medico', 'MEDICO ESPECIALISTA', '101'),
('06011014580', 4580, 'ROBERTO NAVARRO', NULL, NULL, NULL, 601, 'medico', 'Medico', 'MEDICO ESPECIALISTA', '101'),
('06011014632', 4632, 'DOLLY DE LEON', NULL, NULL, NULL, 601, 'medico', 'Medico', 'MEDICO ESPECIALISTA', '101'),
('06011014647', 4647, 'SAMUEL ALVEO', NULL, NULL, NULL, 601, 'medico', 'Medico', 'MEDICO ESPECIALISTA', '101'),
('06011014653', 4653, 'RAUL JAEN', NULL, NULL, NULL, 601, 'medico', 'Medico', 'MEDICO ESPECIALISTA', '101'),
('06011014713', 4713, 'ARTURO PARRILLA', NULL, NULL, NULL, 601, 'medico', 'Medico', 'MEDICO ESPECIALISTA', '101'),
('06011014716', 4716, 'HILDA ESQUIVEL', NULL, NULL, NULL, 601, 'medico', 'Medico', 'MEDICO ESPECIALISTA', '101'),
('06011014736', 4736, 'HILDA ESQUIVEL', NULL, NULL, NULL, 601, 'medico', 'Medico', 'MEDICO ESPECIALISTA', '101'),
('06011014957', 4957, 'RAFAEL CHAN', NULL, NULL, NULL, 601, 'medico', 'Medico', 'MEDICO ESPECIALISTA', '101'),
('06011014994', 4994, 'MARION BRITO', NULL, NULL, NULL, 601, 'medico', 'Medico', 'MEDICO ESPECIALISTA', '101'),
('06011015010', 5010, 'JORGE VERBEL', NULL, NULL, NULL, 601, 'medico', 'Medico', 'MEDICO ESPECIALISTA', '101'),
('06011015141', 5141, 'ANGELICA HOWELL', NULL, NULL, NULL, 601, 'medico', 'Medico', 'MEDICO ESPECIALISTA', '101'),
('06011015195', 5195, 'NADJHI DUQUE', NULL, NULL, NULL, 601, 'medico', 'Medico', 'MEDICO ESPECIALISTA', '101'),
('06011015230', 5230, 'BASILIO GOODRIGE', NULL, NULL, NULL, 601, 'medico', 'Medico', 'MEDICO ESPECIALISTA', '101'),
('06011015240', 5240, 'MARTIN CRAGWELL', NULL, NULL, NULL, 601, 'medico', 'Medico', 'MEDICO ESPECIALISTA', '101'),
('06011015255', 5255, 'DEYKA SANTOS', NULL, NULL, NULL, 601, 'medico', 'Medico', 'MEDICO ESPECIALISTA', '101'),
('06011015490', 5490, 'JANETT RANGEL', NULL, NULL, NULL, 601, 'medico', 'Medico', 'MEDICO ESPECIALISTA', '101'),
('06011015514', 5514, 'KAREN GONZALEZ', NULL, NULL, NULL, 601, 'medico', 'Medico', 'MEDICO ESPECIALISTA', '101'),
('06011015557', 5557, 'JORGE MARTINEZ (CONTRATO)', NULL, NULL, NULL, 601, 'medico', 'Medico', 'MEDICO ESPECIALISTA', '101'),
('06011015710', 5710, 'JENNIFER PINO', NULL, NULL, NULL, 601, 'medico', 'Medico', 'MEDICO ESPECIALISTA', '101'),
('06011015800', 5800, 'JAIRO MACIAS', NULL, NULL, NULL, 601, 'medico', 'Medico', 'MEDICO ESPECIALISTA', '101'),
('06011015876', 5876, 'TESILA URIBE', NULL, NULL, NULL, 601, 'medico', 'Medico', 'MEDICO ESPECIALISTA', '101'),
('06011015897', 5897, 'T. URIBE', NULL, NULL, NULL, 601, 'medico', 'Medico', 'MEDICO ESPECIALISTA', '101'),
('06011015971', 5971, 'RUBY MOLINA', NULL, NULL, NULL, 601, 'medico', 'Medico', 'MEDICO ESPECIALISTA', '101'),
('06011015975', 5975, 'NADJHI DUQUE', NULL, NULL, NULL, 601, 'medico', 'Medico', 'MEDICO ESPECIALISTA', '101'),
('06011016211', 6211, 'MAYER MALCA (RES)', NULL, NULL, NULL, 601, 'medico', 'Medico', 'MEDICO ESPECIALISTA', '101'),
('06011016522', 6522, 'MARION BRITO', NULL, NULL, NULL, 601, 'medico', 'Medico', 'MEDICO ESPECIALISTA', '101'),
('06011016528', 6528, 'NG. YIM (ESP MAY)', NULL, NULL, NULL, 601, 'medico', 'Medico', 'MEDICO ESPECIALISTA', '101'),
('06011016545', 6545, 'LUISA RIOS V.(ESP-MAY)', NULL, NULL, NULL, 601, 'medico', 'Medico', 'MEDICO ESPECIALISTA', '101'),
('06011016598', 6598, 'ANA SOFIA DEL CASTILLO', NULL, NULL, NULL, 601, 'medico', 'Medico', 'MEDICO ESPECIALISTA', '101'),
('06011016795', 6795, 'IBIS TORRES', NULL, NULL, NULL, 601, 'medico', 'Medico', 'MEDICO ESPECIALISTA', '101'),
('0601101760595', 760595, 'ALEXIS RAMIREZ', NULL, NULL, NULL, 601, 'medico', 'Medico', 'MEDICO ESPECIALISTA', '101'),
('06011020595', 595, 'ALEXIS RAMIREZ', NULL, NULL, NULL, 601, 'medico', 'Medico', 'MEDICO RESIDENTE', '102'),
('06011022305', 2305, 'CRISTIAN YANCES (RES)', NULL, NULL, NULL, 601, 'medico', 'Medico', 'MEDICO RESIDENTE', '102'),
('060110223942', 23942, 'HUMBERTO ANNICCHIARICO (RE', NULL, NULL, NULL, 601, 'medico', 'Medico', 'MEDICO RESIDENTE', '102'),
('06011024994', 4994, 'MARIËN BRITO (RES)', NULL, NULL, NULL, 601, 'medico', 'Medico', 'MEDICO RESIDENTE', '102'),
('06011025710', 5710, 'YENNFIR PINO (RES)', NULL, NULL, NULL, 601, 'medico', 'Medico', 'MEDICO RESIDENTE', '102'),
('06011025876', 5876, 'TESILA URIBE', NULL, NULL, NULL, 601, 'medico', 'Medico', 'MEDICO RESIDENTE', '102'),
('06011026283', 6283, 'PABLO GONZALEZ (RES)', NULL, NULL, NULL, 601, 'medico', 'Medico', 'MEDICO RESIDENTE', '102'),
('06011026420', 6420, 'ERICK MORAIS (RES)', NULL, NULL, NULL, 601, 'medico', 'Medico', 'MEDICO RESIDENTE', '102'),
('06011026517', 6517, 'MARYORIE ERRIGO', NULL, NULL, NULL, 601, 'medico', 'Medico', 'MEDICO RESIDENTE', '102'),
('06011026528', 6528, 'NG YIN (RES)', NULL, NULL, NULL, 601, 'medico', 'Medico', 'MEDICO RESIDENTE', '102'),
('06011026545', 6545, 'ANA LUISA RIOS', NULL, NULL, NULL, 601, 'medico', 'Medico', 'MEDICO RESIDENTE', '102'),
('06011026591', 6591, 'ALEJANDRO OLIVARDIA (RES)', NULL, NULL, NULL, 601, 'medico', 'Medico', 'MEDICO RESIDENTE', '102'),
('06011026598', 6598, 'ANA SOFIA DEL CASTILLO (R', NULL, NULL, NULL, 601, 'medico', 'Medico', 'MEDICO RESIDENTE', '102'),
('06011026710', 6710, 'JORGE LUIS MORA', NULL, NULL, NULL, 601, 'medico', 'Medico', 'MEDICO RESIDENTE', '102'),
('06011026851', 6851, 'MARIA GUERRA', NULL, NULL, NULL, 601, 'medico', 'Medico', 'MEDICO RESIDENTE', '102'),
('06011026868', 6868, 'GILIANA CONTE', NULL, NULL, NULL, 601, 'medico', 'Medico', 'MEDICO RESIDENTE', '102'),
('06011026883', 6883, 'HEIDY ALVARADO', NULL, NULL, NULL, 601, 'medico', 'Medico', 'MEDICO RESIDENTE', '102'),
('06011026933', 6933, 'MIGUEL GUEVARA', NULL, NULL, NULL, 601, 'medico', 'Medico', 'MEDICO RESIDENTE', '102'),
('06011027136', 7136, 'ELOISA RODRIGUEZ', NULL, NULL, NULL, 601, 'medico', 'Medico', 'MEDICO RESIDENTE', '102'),
('06011027147', 7147, 'CARLOS FU', NULL, NULL, NULL, 601, 'medico', 'Medico', 'MEDICO RESIDENTE', '102'),
('06011027412', 7412, 'LUIS DE LA OSSA (RES)', NULL, NULL, NULL, 601, 'medico', 'Medico', 'MEDICO RESIDENTE', '102'),
('06011027594', 7594, 'CHRISTOPHER DELGADO (RES)', NULL, NULL, NULL, 601, 'medico', 'Medico', 'MEDICO RESIDENTE', '102'),
('06011028002', 8002, 'BRITANIA BARRAGAN (RES)', NULL, NULL, NULL, 601, 'medico', 'Medico', 'MEDICO RESIDENTE', '102'),
('06011028022', 8022, 'RICARDO VARGAS (RES)', NULL, NULL, NULL, 601, 'medico', 'Medico', 'MEDICO RESIDENTE', '102'),
('06031014467', 4467, 'JUTHIEL CHEN', NULL, NULL, NULL, 603, 'medico', 'Medico', 'MEDICO ESPECIALISTA', '101'),
('06031014653', 4653, 'RAUL JAEN', NULL, NULL, NULL, 603, 'medico', 'Medico', 'MEDICO ESPECIALISTA', '101'),
('06031016868', 6868, 'GILIANA INTE', NULL, NULL, NULL, 603, 'medico', 'Medico', 'MEDICO ESPECIALISTA', '101'),
('19294704', 0, 'Miguel Angel Martinez', 'Masculino', 1313, 'Av...', NULL, 'miguel', 'Taquillero', '', '0'),
('823003560', 3560, 'AMADA RAMOS', NULL, NULL, NULL, 82, 'medico', 'Medico', 'ENFERMRIA', '300');

/*!40101 SET CHARACTER_SET_CLIENT=@OLD_CHARACTER_SET_CLIENT */;
/*!40101 SET CHARACTER_SET_RESULTS=@OLD_CHARACTER_SET_RESULTS */;
/*!40101 SET COLLATION_CONNECTION=@OLD_COLLATION_CONNECTION */;
